feature,type,weight
not,word,2.5690203956801247
not good,word,2.3818008620205773
dis,char,1.9809571198067781
poor,word,1.912021572179445
not,char,1.8571238641488887
pangit,word,1.6662102872551399
 d ,char,1.6286227178418924
man,word,1.608863423168039
 di,char,1.582095864131157
nyo,word,1.4474138511297574
disappointed,word,1.442093880365754
nyo,char,1.4306448201416164
sap,char,1.4102915299934404
poi,char,1.3908156740844118
 no,char,1.3819170408076298
sana kaso,word,1.3386577475919617
sira,word,1.3034493460931833
aya,char,1.2772139609694853
oin,char,1.2771846169459895
basag,word,1.275662144737153
di ,char,1.2733635993045738
ppo,char,1.2493383265457907
wrong,word,1.228125947601326
 do,char,1.1887821201261697
hindi,word,1.187197478886232
nte,char,1.1868399943618524
sayang pera,word,1.173660646508574
nge,char,1.169845202289221
panget,word,1.1610219191960305
not worth,word,1.159176465943497
pera,word,1.1426727772009322
ot ,char,1.1375658962542599
tagal,word,1.1152263901917805
worst,word,1.1057546711538904
pa,word,1.0968501852581853
hindi maganda,word,1.0899111576879061
aka,char,1.0837381499773375
ra ,char,1.076460145567433
sad,char,1.06609663407727
sin,char,1.059698561061495
wag,word,1.0582712765367828
not satisfied,word,1.0573156349613708
sad,word,1.0544864003193593
mahal,word,1.0496399822782139
poo,char,1.0480890104592124
int,char,1.0472367954520454
ngi,char,1.0470691090237696
yo ,char,1.0399132904593087
hay,char,1.0241736957864824
app,char,1.0205802012064338
ayaw,word,1.0177728648364828
ays,char,1.0105925173984536
low,word,1.007102833021339
ganto,word,1.006261551168882
ira,char,0.9940014429129127
nio,word,0.9674389837494456
order ko,word,0.9656298511488719
tsk,word,0.9533523145373479
hays,word,0.94952478939863
ism,char,0.939516957193692
ang,char,0.9364385180142661
nd ,char,0.929428606262165
low quality,word,0.9267060331237601
kak,char,0.9165155775007284
sag,char,0.9143133407309665
ref,char,0.9131669478954977
hin,char,0.9002371800755913
 ba,char,0.8842839828971073
ina,char,0.8839404630655567
ini,char,0.8693915965443387
will not,word,0.8589871263713684
adi,char,0.8547454338762782
sayang,word,0.8536813311465502
isa,char,0.8481815854468587
ad ,char,0.8481283972121877
the,char,0.8441133537291097
fake,word,0.8440946139365919
nio,char,0.8426064826362184
was,char,0.8380783795261139
low,char,0.8370463377459574
sorry,word,0.8362389990712913
waste,word,0.8304702120919263
pin,char,0.8164305848707094
di,word,0.8153111937046078
oor,char,0.813510269108498
layo,word,0.8114272775847803
tpos,word,0.8088808720952241
tas,char,0.808405406296696
di maganda,word,0.8081638318233477
bat,char,0.8062315103910334
la ,char,0.8031073713151111
wag,char,0.8024741608911301
mali,word,0.8010426691267513
magkaiba,word,0.8005262044709256
lan,char,0.7951691055475003
sir,char,0.7943046368690235
never,word,0.7923204261817649
are,char,0.7902299057281349
expectation,word,0.7841789136790623
black order,word,0.7830562923619772
ndi,word,0.7784393547441909
service,word,0.7783799619690386
tapos,word,0.7746393504167394
palpak,word,0.771802555093445
 wa,char,0.7703302699762691
refund,word,0.769646536026881
may,char,0.7673974762795439
ibang iba,word,0.7667922780552747
ind,char,0.7572500793877354
parang gamit,word,0.7568128924054085
 re,char,0.7527586867013307
scam,word,0.7509352404503586
pos,char,0.748409468546696
can see,word,0.7457262974169496
not so,word,0.7413354695826232
so sad,word,0.7406784046041512
ordered,word,0.7399137565635742
okay sana,word,0.7387095118325216
yaw,char,0.7316651810000028
 po,char,0.7249084227181937
nto,char,0.724758330639498
jusko,word,0.7242980724006657
cam,char,0.7238510527986848
liit,word,0.720734577634155
unang,word,0.7150499134740919
kad,char,0.7130470558345654
ss ,char,0.7129325224372961
dumating,word,0.7120472579754855
not order,word,0.7031174121774577
butas,word,0.7015503502560592
damaged,word,0.6965858057821176
customer,word,0.6946595879504845
apo,char,0.6900111119183816
 bo,char,0.6884215987708081
nil,char,0.6854629095999434
im ,char,0.6829008916093472
 l ,char,0.6824626454240164
dumating sakin,word,0.6815416202352457
sum,char,0.6797619760596616
kal,char,0.6760601878239703
say,char,0.6745621945555923
tan,char,0.673464476737472
so disappointed,word,0.6732770893863391
pala mura,word,0.6707552922576828
ano,word,0.6694151181198439
ok sana,word,0.6682959273148832
cha,char,0.6674481862301979
not recommended,word,0.6663242355891483
pa ,char,0.6657803646749454
huh,char,0.6630504146436755
ta ,char,0.662682051633032
ever,word,0.6607321861168411
uks,char,0.6598551822247416
no ,char,0.6562354814780896
sma,char,0.6541038049861341
 ir,char,0.6537064448422554
no good,word,0.6513449770839079
didn,word,0.649130510437839
ano,char,0.6483856834606986
pak,char,0.6470972608108333
yss,char,0.6470935607212931
pagdating,word,0.646198565538726
you can,word,0.6413932089922867
inorder ko,word,0.6407886401618498
pan,char,0.6406212644623464
bog,char,0.640344976893672
huwag,word,0.6387409119596764
bin,char,0.6385816791882352
dont,word,0.6309873404456358
asa,char,0.6286744485232251
nis,char,0.6257640456751927
rep,char,0.6232963028195536
sinend,word,0.6232383590881674
 ta,char,0.622032388596297
kulang,word,0.6217946157640947
full charge,word,0.620534951087186
nasira agad,word,0.6182105816149676
lok,char,0.6172879609419368
iss,char,0.6154924005757382
li ,char,0.6137899720657528
nakakadismaya,word,0.6129381014579028
gaw,char,0.6111673009481884
ag ,char,0.6104637992214671
nar,char,0.6103876762340886
hindi sya,word,0.6085765493277265
item,word,0.6084480303792863
 ny,char,0.6079005625596161
red,word,0.607061145560818
hnd,char,0.6066993042844626
ons,char,0.6033515191774788
sca,char,0.5997162556345673
itong,word,0.5959003730210967
dya,char,0.595021852846941
lay,char,0.5936590303187833
don,word,0.5912364659994515
seller hindi,word,0.5905557196571392
money,word,0.5905136932786815
they,word,0.5902154900953851
false,word,0.5900166826175293
 hi,char,0.5898867603221591
hindi worth,word,0.5883226202526787
dissapointed,word,0.5876087698785608
aw ,char,0.5861679876716118
labas,word,0.5838156891770041
rip,char,0.5831203212290299
tin,char,0.583076558625031
ko black,word,0.5819308061649466
bakit,word,0.5809469673874136
pink blue,word,0.5794663780124275
branch,word,0.5790000013109932
expecting,word,0.5784622501987993
im,word,0.5774528395297998
ko lng,word,0.5762360319357082
era,char,0.5755471906080023
kai,char,0.5724514767853008
daw,word,0.5708467948210145
earbuds,word,0.5702317891692008
buk,char,0.568704251966719
sab,char,0.5684118403917172
hindi gumagana,word,0.5683702980558364
ulo,word,0.5673052465722205
nit,char,0.5669700011112877
poor quality,word,0.5646385410157735
yan,char,0.5644330202236673
unresponsive,word,0.5631606348750445
nipis,word,0.5624710377674544
sya maganda,word,0.5595532128104391
usa,char,0.559373594803211
 t ,char,0.5584981183775826
gana,word,0.5575756155956177
sss,char,0.5545995335579228
 bi,char,0.5545385502593169
sole,word,0.5544144526053209
 p ,char,0.5520170183289941
defective,word,0.5513771914517471
usk,char,0.5499956648892093
ndi,char,0.5495865871234121
sabe,word,0.546719720458054
ake,char,0.5464161213351294
mabagal,word,0.5458116026582107
rude,word,0.5455666554923314
bought,word,0.5449517679606758
iin,char,0.5445408255087807
tsk,char,0.5441809009556486
tok,char,0.543955400218122
git,char,0.5435265602742774
mic,word,0.5427566090167691
pa nga,word,0.5422929309648896
 im,char,0.5395993303818387
pla,char,0.5391985038903278
thin,word,0.5391361294584823
may damage,word,0.5388314596939512
her,char,0.5370205212135757
aho,char,0.5369928757243345
bas,char,0.5367544447542758
nakaka,word,0.5356056873561341
kaya pala,word,0.535360609127599
kaloka,word,0.5352861400119763
reality,word,0.5350879737294374
 q ,char,0.5341935215322466
ka,word,0.5339275845472099
ganito,word,0.5327264824463316
alp,char,0.5311484211847742
be ,char,0.5311341589918538
non,char,0.5306570039929073
magagamit,word,0.5306531936813494
ak ,char,0.5304349690201235
not recommend,word,0.5299971031312017
ted,char,0.5267797264532528
ink,char,0.5229066134961051
hndi,word,0.521993173381512
wal,char,0.521957277358961
itim,word,0.5197748367044638
anong,word,0.5171369410933179
natanggal,word,0.5169976896953544
ho ,char,0.5169578090313351
awa,char,0.5169187563870681
uka,char,0.5166649471487795
first time,word,0.5159346130529168
nakakainis,word,0.5152461176161308
as ,char,0.5151872767476732
ayaw gumana,word,0.5145294667310465
bad,word,0.5143750119050078
sk ,char,0.5142345238838166
dalawa order,word,0.5139478019652233
too,word,0.5134027383187306
or ,char,0.5133672622052792
gba,char,0.5127454322397285
madumi,word,0.5125386959722739
ere,char,0.5122377236438528
ors,char,0.5121872469666121
 hn,char,0.5120495766336083
box but,word,0.511133607831529
tte,char,0.5102598615502777
beach,word,0.5098810167237188
hnd,word,0.5070441972583881
inorder,word,0.5069236912926113
 ha,char,0.5068929995137048
could,word,0.50589072939631
may leak,word,0.5057986098067928
ino,char,0.5035086932664883
mic,char,0.502125632211531
mousepad,word,0.5011359019694696
plain,word,0.5009580092246888
scammer,word,0.5007684381926732
 un,char,0.5004488137604594
kalungkot,word,0.49892171541610353
vic,char,0.4973230356284173
kot,char,0.49701675671347006
yad,char,0.4956623517742291
sep,char,0.49523186924085205
pinadala,word,0.4932392803097628
nag order,word,0.49250315609411704
sor,char,0.49237123324596155
pcs,word,0.4919157856723893
wro,char,0.49134482502133464
di gumagana,word,0.4913229097999877
ksa,char,0.4909211021993136
akala,word,0.4907750099337611
even,word,0.48989013147479377
binigay,word,0.48958867069337697
doesn,word,0.48926123503308355
gray black,word,0.4878312454841108
umu,char,0.4872153504932216
nev,char,0.48525618880487503
bagal,word,0.48488215971470855
kau,word,0.4845753263455127
og ,char,0.48453224853816224
mas,word,0.48440673036591064
iga,char,0.48381909280743784
wifi,word,0.4807259023470059
ayaw ko,word,0.48058375730686703
tagal pa,word,0.4784503715075038
nor,char,0.47752847342396676
hahahaha,word,0.477311471314154
nta,char,0.4759922683815597
yupi,word,0.4753672221043076
fak,char,0.4739756407817743
ali,char,0.47363395249166507
ys ,char,0.47347984896328926
muna bago,word,0.47312734937191253
get,char,0.4730926544065621
double,word,0.4723659550465032
paki,word,0.47193239204164883
chaka,word,0.4706986023225409
uhu,char,0.4705339708490507
abe,char,0.4698555268091326
maganda pa,word,0.46960079708915986
xl,word,0.4681662864803624
dam,char,0.46815950325621214
 e ,char,0.4668614513457581
gas,char,0.4661625985149278
naku,word,0.46450640686629024
binigay nyo,word,0.4627155063711509
then,word,0.46211292488073863
bat,word,0.4614910859647916
ko white,word,0.4611557043376707
epl,char,0.46042279093598604
ook,char,0.46019881308837207
naka lagay,word,0.4600432754561004
sko,char,0.4579890528576484
idk,word,0.45790921236894694
ko iba,word,0.4576253979047933
umi,char,0.45720993343461597
kulang kulang,word,0.4570213307272072
ko nman,word,0.4563887858378538
napaka,word,0.456383896646724
ngy,char,0.4557700080748174
pano,word,0.45546350777836836
fan nya,word,0.454817644636579
white inorder,word,0.4547597679608374
punit,word,0.4541594189230756
eho,char,0.4536811873856868
left side,word,0.4533998624746004
 ts,char,0.45143860576799777
do ,char,0.45124746885384376
sept,word,0.4496943272553467
pick,word,0.44966063057788946
why,word,0.44956814343023316
ssa,char,0.44943005871682673
jan,word,0.44936903931187333
nya hindi,word,0.4487861159015605
mas ok,word,0.4485419816499929
uta,char,0.4482883768258233
lac,char,0.44817934020414507
lukot,word,0.4480429339644066
inayos,word,0.44789269189129965
very disappointed,word,0.44703417111651306
chinarge,word,0.4470128015196662
puro,word,0.4469308928456057
kit,char,0.44578684628239446
bal,char,0.4450664456707172
ganyan,word,0.4446045843755289
left,word,0.444140833428385
abala,word,0.44333586997475016
yst,char,0.4432841968833191
sabihin,word,0.44262307968328185
dko,word,0.442162639706128
bak,char,0.44104599269690203
kaya siguro,word,0.4406912226660816
mo,word,0.4406764413687152
rry,char,0.44040101157301437
tpo,char,0.43998522483184
pick up,word,0.4399554131463288
ukl,char,0.43966480129512264
bad,char,0.4389952325643949
magreply,word,0.438143206549695
ibang,word,0.43760079452760425
ron,char,0.43734590048446603
ow ,char,0.43732496804990656
charge,word,0.43732006251565736
terrible,word,0.4369266248656756
ilo,char,0.43627425092951627
ko size,word,0.4358690411953842
ady,char,0.4354131265002178
ned,char,0.43507706963287357
umay,word,0.4346945277303484
 m ,char,0.4344961809378494
after minutes,word,0.43428017944136055
led,char,0.4334607552883318
urn,char,0.4326079062762154
poor service,word,0.4322425300853013
hina,word,0.4322212725314386
awit,word,0.4312739569526374
kayong,word,0.4302925952471041
mer,char,0.42980647955904616
really good,word,0.4289739898958825
inu,char,0.42895289456541286
ko hindi,word,0.4287151137553588
ilong,word,0.42855584131513924
smell,word,0.4281038375928087
tas,word,0.4280665044656828
 ro,char,0.4280479940919517
it ,char,0.4275799670612533
bulok,word,0.4251357115278605
 to,char,0.42512165674029523
hayst,word,0.42435431508929955
diba,word,0.42376077292426145
ket,char,0.4236095170639468
dali,word,0.42346352263593273
side,word,0.4227177700092094
cus,char,0.42201449281593195
 ju,char,0.4215222607179197
marunong,word,0.4210780005807613
usb,word,0.4197944261839514
pa sya,word,0.4197490968018939
used,word,0.4182807092034526
wala pang,word,0.41579790460144717
nalang,word,0.41561821008250754
inyo,word,0.415184489267528
ku,word,0.4151703063959206
ml,word,0.4143136402186144
boxer,word,0.41421622536361913
bi ,char,0.4138008333120643
nve,char,0.41304476613394986
hair,word,0.4122366829834058
product,word,0.4109643336048229
ordered pink,word,0.410884064357379
ke ,char,0.4107555653116173
piraso,word,0.4107197423214512
 tp,char,0.41027456822599273
eh,word,0.4097061027811688
hal,char,0.409287408801038
rst,char,0.40920505313728456
edi,word,0.40911092988379716
sya so,word,0.40895652430380675
hoi,char,0.4083019401845909
uns,char,0.4076879140221826
ew ,char,0.40761863263411474
lol,char,0.4063587094720317
unang order,word,0.40538661854722907
maliliit,word,0.4048326747379066
defective item,word,0.4034459177268722
ku ,char,0.40288618357741696
bata,word,0.40204277426496365
ko but,word,0.40175297908908775
pairs,word,0.4014923553103982
fun,char,0.40140565508149356
rn ,char,0.400813221744599
ganitong,word,0.4007386775059885
anc,char,0.40070929353435236
honest,word,0.4004383225490827
daw,char,0.3998980705146911
ayusin,word,0.3995174218277193
mystery box,word,0.3982011660369036
our,word,0.3978323171325168
mystery,word,0.39773065827940585
edu,char,0.3966627902995341
adu,char,0.39474951170491385
plate,word,0.3946937499524928
nilagyan,word,0.3943349511644135
lpa,char,0.39391420658601034
ko akala,word,0.39389444575700394
ha,word,0.3927607898099063
ubl,char,0.3926703936085012
lagpas,word,0.3925091918890411
 ip,char,0.3921352253717848
grabe,word,0.39201414346414765
init,word,0.39138492273209385
esn,char,0.39082283329200945
gasgas,word,0.3892926787144565
 wr,char,0.38906490982315756
makapal sya,word,0.38804889682884325
huw,char,0.3875121580391362
why,char,0.3861091204746131
tiktok,word,0.38485858283280516
bli,char,0.38387973717301394
ma,word,0.3835034325024003
ney,char,0.3832928216536527
ipadala,word,0.3827783126068458
apat,word,0.38266756524743883
light green,word,0.3820290314167781
suk,char,0.38180003015136665
ikt,char,0.3812732008574836
maroon,word,0.38108347708548784
 fo,char,0.380789952112627
gray,word,0.3799047687138686
cancel,word,0.37830039061561815
dumating hindi,word,0.3781467997362642
will never,word,0.37806607990200036
item sana,word,0.37784686050524574
ek ,char,0.3776417563745039
bang,word,0.3775147202652175
ray,char,0.3773728559183957
do,word,0.37661706951257634
buksan,word,0.3756435900315792
wrong size,word,0.3755595669648287
nasayang,word,0.3752294909719515
dun,word,0.37511841630065185
io ,char,0.3746840401797859
erv,char,0.373902748376594
leak,word,0.373660293513436
sst,char,0.3735246744275261
pumutok,word,0.3728388895430698
ser,char,0.3725917954423892
but received,word,0.37258242161595645
kailangan ko,word,0.37242017470320204
esp,char,0.3720328174788829
waw,char,0.3714470486300287
icheck,word,0.37093337079284083
uma,char,0.37076995792906936
dumating blue,word,0.3706155063172012
ship,word,0.36954746434488134
 hu,char,0.3692356931524518
nakakadisappoint,word,0.3688907892212479
recommend,word,0.36871892306761417
size order,word,0.3682600798395926
bingay,word,0.36812147263052697
ich,char,0.3677969299538918
ttt,char,0.3676827417464371
alcohol,word,0.3671803757400951
process,word,0.36713956776243994
meter,word,0.3665152602918914
lahat sizes,word,0.36648631505960305
unr,char,0.36642962525386763
not what,word,0.36590798113048817
meat,word,0.3656265444574122
cheap,word,0.365557040131788
ka ,char,0.3654256006254556
wba,char,0.3650414362688131
rbu,char,0.3646997933450985
same item,word,0.36458095338197977
rvi,char,0.36454269869368694
samsung,word,0.3638452645105913
people,word,0.3629079896382477
efe,char,0.3625967611925524
mag,word,0.3625287048452298
tagal dumating,word,0.3621689296229061
mit,char,0.3620173444389902
own,word,0.36193732267687095
lie,char,0.3618309514380105
log,char,0.3604551150642568
dismayado,word,0.3603759743010588
narecieve,word,0.3601902899998112
ape,char,0.3600767446079613
maliit hindi,word,0.3598601474411986
 cr,char,0.35984226524638485
seller not,word,0.3593504872746572
sed,char,0.3592746046437619
after week,word,0.3588704771271065
wif,char,0.35878510663002205
sense,word,0.3586975959202495
big,char,0.35852709297997976
nakadikit,word,0.3583082982927718
 xl,char,0.35798145382274504
replacement,word,0.35764706332445373
kwenta,word,0.3570087436002036
ito,char,0.3570008874638023
without,word,0.356906159528724
lowbat,word,0.35671908436800287
gra,char,0.3564111640499826
 ay,char,0.3560451977597563
desisyon,word,0.3548609405518409
mo ,char,0.3546501346222871
shake,word,0.35463991539704076
eap,char,0.3545920117284681
sana nman,word,0.3543860803160937
 pi,char,0.3541056366415479
ply,char,0.35402887286472934
ben,char,0.3539555139466052
maliit super,word,0.35362223772302426
dating,word,0.35348920922117405
nen,char,0.35324909049067654
few,word,0.3531256282869893
ibl,char,0.35290704900548076
tagal ko,word,0.3527506705459639
naging,word,0.3526326802748554
kelangan,word,0.35219811889575703
att,char,0.35196403558821854
ma lowbat,word,0.3519271990518299
tak,char,0.3518874331729493
band,word,0.35179686626447443
 lu,char,0.3511525018537029
masikip,word,0.3510269692783705
eve,char,0.3507862494025658
bibili,word,0.3503888938396613
from seller,word,0.3503437534440674
pa di,word,0.3503180124324787
sna,word,0.3500007378155531
ayy,char,0.3494734297106975
tong,word,0.3494442382509427
ita,char,0.3490708451946296
compared,word,0.348994984424088
owb,char,0.34826561968182157
pictures,word,0.34802671892648634
parehong,word,0.34802451934008366
nadismaya,word,0.34777614333119633
pki,word,0.3476872828574029
bagal service,word,0.34767548063739456
ami,char,0.346743382248351
pera ko,word,0.3463859875758301
sabi ko,word,0.3458248421025005
 nk,char,0.3456551952914281
haysss,word,0.3446601875196945
siv,char,0.344498785402084
around,word,0.34403727399539635
nagbayad,word,0.343959049370495
holder,word,0.34321400196131197
nre,char,0.3427430128784831
nad,char,0.3413522863900881
tom,char,0.3412516150238276
bou,char,0.3395847968628758
lef,char,0.3385937292859907
eft,char,0.3385937292859907
enc,char,0.33795013566093207
iyong,word,0.3373627092142413
mali mali,word,0.3369987129672286
man lng,word,0.33662250087975376
lob,char,0.3363058522542983
au ,char,0.33612514989483444
ko thanks,word,0.3359715669993015
bigay,word,0.33591019686965484
 mn,char,0.3356297776735413
 sc,char,0.33557321636824794
bla,char,0.33531818052608087
sakit,word,0.3352895772541329
mali color,word,0.3352613339953109
arb,char,0.3352373039663037
driver,word,0.33520989872839974
can,char,0.33520069397813734
aru,char,0.3351404556576765
warehouse,word,0.3347799544950004
 pu,char,0.3346714806822495
ed ,char,0.3344118020836367
pot,char,0.33394026787500913
pum,char,0.33382112002613273
 in,char,0.33326298943432786
irresponsible,word,0.3329198031103528
amm,char,0.3328443739342343
awi,char,0.3325499144510628
anl,char,0.3324085302913791
di kasya,word,0.33115060965551557
ais,char,0.3311020204283766
gumana,word,0.3300025959396796
disappointing,word,0.3297733179384785
gumagana isang,word,0.32956321246286246
packs,word,0.3295093144098772
pa sana,word,0.3289263116609674
hy ,char,0.32879306817269743
type,word,0.328361419913047
ginagawa,word,0.3283344171519202
ant,char,0.3281218748262158
fal,char,0.3273073157192567
pag dating,word,0.3262470122449976
iba dumating,word,0.3261184410253736
color pa,word,0.32610620743227997
too,char,0.32595009623919036
items inorder,word,0.3257186340021355
wag bumili,word,0.3253877058350324
hassle,word,0.325246493409893
idk if,word,0.32520043220893946
alm,char,0.3251994955648313
pal,char,0.3248014613119757
pinapadala,word,0.32459942070643993
irefund,word,0.3245639561305357
needs,word,0.324176263900866
pcs dumating,word,0.3241357635612233
ano ba,word,0.3235839869366278
kaw,char,0.32305571614956424
tit,char,0.3229613620376768
fi ,char,0.3226719199786151
di nagana,word,0.3225939116079349
xl ,char,0.32232846889498107
water proof,word,0.3221271069314387
narin,word,0.32170904480030876
kka,char,0.3215923939590595
imbes,word,0.32140387939425297
sira agad,word,0.3213773954434538
gya,char,0.3213089520732052
eh ,char,0.3210201570884763
pala may,word,0.32100813277319495
pinadalang,word,0.32074303038627644
oic,char,0.3201206243325771
change,word,0.3200819042533071
rer,char,0.31987637543922637
ton,char,0.3190866039871566
 iy,char,0.3186738872012669
nan,char,0.3185250310844533
liit size,word,0.3183185802745381
nilagay,word,0.31823960455637296
binigay akin,word,0.318068879248279
msu,char,0.31751866860827244
bukas,word,0.3168297083953596
 np,char,0.31681426755190883
di manlang,word,0.3161382426024901
minessage ko,word,0.3155828793880657
bobo,word,0.31557141152486695
gay,char,0.31507427245221514
gal,char,0.31498330361248617
there,word,0.31460588246893756
cm,word,0.31422800838747544
 da,char,0.31372919321799025
baliktad,word,0.31332946041359816
one,word,0.31296085557332115
pla,word,0.31287327017968997
lens,word,0.3127894153730295
dumating so,word,0.3126087382491654
malapit,word,0.31214962836550253
ham,char,0.31208872649918445
late,word,0.3118942042980478
walang laman,word,0.31174451151851446
naka box,word,0.3115976847484726
ey ,char,0.31132460314253907
anyways thank,word,0.3113033388487791
man,char,0.3112044137838557
amo,char,0.31083807598621244
olo,char,0.3094953534048669
pink,word,0.30943699492836946
wall paper,word,0.3093626434687747
picture maganda,word,0.30865167857551984
cti,char,0.3084898674085062
ott,char,0.3083432665624499
eh kaso,word,0.30824859299994617
matuyo,word,0.3080607700258619
parang pang,word,0.30787013780663547
hindi man,word,0.307559298492065
much better,word,0.3075578587113412
mali pinadala,word,0.30751437583594304
eco,char,0.30728852318712196
pag may,word,0.3070467725110034
des,char,0.3067299274528866
doesnt,word,0.3067066408531455
sana man,word,0.30669819772058193
rose,word,0.30652874895308735
dpa,char,0.3065176949241225
klase,word,0.30646397504518524
hey,char,0.3061753891437538
tuk,char,0.3047154248837447
 mt,char,0.3044463048076133
bac,char,0.3042956247414858
pinadala mo,word,0.30417441279781954
hai,char,0.30403781237018174
super disappointed,word,0.30398992277918285
xer,char,0.3038740866549687
parang medium,word,0.30376839492646573
mali nmn,word,0.30361480996958423
yys,char,0.30356105689115875
po ,char,0.30346668350663114
oi ,char,0.3033721920882589
purchased,word,0.3033449472054247
lap,char,0.30328133992252126
lse,char,0.30220334875178484
pp ,char,0.3013324466568473
experience,word,0.30123246025815287
several,word,0.3007826019720045
stocks,word,0.30068095773624265
black,word,0.30061904687668894
clo,char,0.30036452534235514
kausap,word,0.30011866726834796
doe,char,0.30006606675439423
agp,char,0.29999102252707155
maganda sana,word,0.29983893220678975
mis,char,0.2993525750037872
bul,char,0.2990669397885232
gad,char,0.2990008740166929
wala man,word,0.29873903676382263
madeliver,word,0.2987283521122443
ech,char,0.2982391776173173
nyan,word,0.2981365307564556
product may,word,0.2981103297839667
mata,word,0.29789923675366864
sim,word,0.29784608486590236
 ic,char,0.29747032867824647
amoy,word,0.2973053008360115
kaya nag,word,0.2970148081222145
ko bibili,word,0.29686449893154154
maayos packaging,word,0.29685354537087205
ai ,char,0.2968383589357093
tell,word,0.2967666257290449
epa,char,0.29672580244725005
ka seller,word,0.2966123174207287
minutes,word,0.2965542271061277
full,word,0.2963058975881698
ilang beses,word,0.29622560948866944
 na,char,0.29600550415066756
nco,char,0.29590192538099547
san,char,0.29584793478805005
mantsa,word,0.29583600809800986
bih,char,0.295767038731295
chat,word,0.29573806065287894
 bl,char,0.2955389159595042
out,char,0.2951986283318656
nareceived,word,0.2950318355523448
ams,char,0.29498041223258753
shoppe,word,0.2945864894260832
binili ko,word,0.29432581910471883
ending,word,0.2941656614969276
sainyo,word,0.2941467971572513
medyas,word,0.2940179174314448
sobrang tagal,word,0.2940057184045639
sumabog,word,0.29363000699840147
shower,word,0.2929168484986256
longer,word,0.2926499000077548
ala,char,0.29261414420998916
refill,word,0.29259962966889547
dib,char,0.2925223391057552
ml ,char,0.2923483289074686
kopo,word,0.2922307368762346
lipbalm,word,0.29185674549810475
kaso super,word,0.2916568367146121
cta,char,0.29163020470740153
omorder,word,0.2916144585235814
tripod,word,0.2916039572293618
toc,char,0.29156341183453044
earphones,word,0.2912720005996889
jnt,word,0.2911395923126418
th,word,0.29111506386727226
dis,word,0.2908524640523953
am ,char,0.29067964140965435
sib,char,0.29061161628396115
blue,word,0.29043218213874855
isk,char,0.29016228700348023
gosh,word,0.28981965863493064
ko wala,word,0.28962686404041466
pesos,word,0.2894798677337757
opened,word,0.2894503118614766
etu,char,0.2890236554623878
mn ,char,0.28893906134859304
week,word,0.28870857350211904
tsk tsk,word,0.28861699658258744
so good,word,0.2881952060533531
dk ,char,0.28818874099051867
idk,char,0.28818874099051867
kulang item,word,0.28789382632284294
esi,char,0.286489628690888
aid,char,0.2864634919744313
tur,char,0.28643829765448275
layo amoy,word,0.2864296949802264
pink dumating,word,0.2863075397825109
la,word,0.28580521943765996
gag,char,0.2856784352699832
ko light,word,0.28546913596022866
nagchat,word,0.2852209878465232
mov,char,0.28521701657869336
 bn,char,0.2851348957745981
reh,char,0.28479355191058203
items ko,word,0.2847044361731344
pure,word,0.2844836435243259
paper,word,0.2841857675378972
ko nmn,word,0.28408495163944103
ire,char,0.2840395439306573
iny,char,0.28402905970465425
mahal pa,word,0.28317340726262513
erh,char,0.28309264860713923
hayss,word,0.28296544832378945
hindi marunong,word,0.28231361329295773
because,word,0.2817946471440236
 mi,char,0.2817631502113457
malakas pa,word,0.28167655007438375
aiw,char,0.28167036831639675
 am,char,0.2815345493333998
tad,char,0.28142971604208306
ole,char,0.28114043629461455
rti,char,0.28113159190221265
halo,word,0.28102358836081603
nun,word,0.28066791049910333
mali binigay,word,0.2805552403633567
nasira,word,0.2803786997132161
tiw,char,0.28017917461706343
nsi,char,0.2796729866078362
texture,word,0.2796596548893246
acr,char,0.2794631162055248
rereply seller,word,0.27945084703467893
ibigay,word,0.27918912647238164
don,char,0.27858960300505964
nig,char,0.27843145174792183
hours,word,0.2782896851415765
sim,char,0.2782890323029715
not working,word,0.2782217702463441
asp,char,0.2779804349930623
buyer,word,0.2777042945378636
puti,word,0.27739189842451883
gam,char,0.27729633208184856
agw,char,0.2772083748253815
fil,char,0.27715378602693874
 pl,char,0.2770992822892679
send,word,0.27693670375820284
slides,word,0.276560805548251
buffet,word,0.27642919591650006
did,char,0.2759901281350684
nes,char,0.2759866651008138
bnigay,word,0.27586823989980447
bgo,word,0.27573926496347384
yon,char,0.27568322442439647
namn,word,0.2756525302270567
nse,char,0.2754670891746115
missing item,word,0.27542268489049604
mins,word,0.27525999394190653
good may,word,0.2744806368977054
out,word,0.27442217568824656
request,word,0.27396548791254605
quality not,word,0.2739592288976528
incomplete,word,0.2738543212900004
masusuot,word,0.273621354197331
dri,char,0.2733420655906523
ship item,word,0.27318862803383565
 ch,char,0.273010714911451
orr,char,0.27265291515709866
wear,word,0.27260631033074834
ddd,char,0.27258287717453583
ko dalawang,word,0.2724938559081132
man nag,word,0.27217096034561195
cs ,char,0.27208673165402847
ova,char,0.27167416464064514
ratings,word,0.2713361167790399
gom,char,0.2712934720961353
gab,char,0.27122827949959516
blind,word,0.2709736569793038
color blind,word,0.2709736569793038
uni,char,0.27059567974465365
not responsive,word,0.2703785500638457
parang wala,word,0.2699274781471072
binuksan ko,word,0.2698453991661269
benta,word,0.26981154572918437
ah,word,0.2695663363305481
waste money,word,0.2692437923849554
diliver,word,0.2691590483909655
white,word,0.2687137612896142
pls,word,0.26856577900089607
peo,char,0.2682993770819977
oub,char,0.26820194009269155
def,char,0.2677791725464713
bilog,word,0.26774018017371304
kla,char,0.2676349271562564
wrong color,word,0.26757939057391794
parang,word,0.2674394644851571
dou,char,0.2667360396301899
nay,char,0.26624163525665817
table,word,0.26619762515416895
akala ko,word,0.2658476417428266
aws,char,0.26564826762663607
 ah,char,0.2655417455094653
nalang sana,word,0.2651018944295753
minessage,word,0.2650312486640056
take,word,0.2643707604930874
tagal delivery,word,0.2640784377593317
laptop,word,0.2639087906700372
kul,char,0.26383153240214335
mapalitan,word,0.26333773750488415
cloud,word,0.2631769798220466
ste,char,0.2628589548460511
baho,word,0.2628449613812293
dem,char,0.2625270727613357
quality parang,word,0.26249955628979416
nia,word,0.2615676722422387
walang kwenta,word,0.2613911590971296
bec,char,0.26103035148318887
asked,word,0.26063665704891376
back,word,0.2604559781393199
rud,char,0.2604521206717633
shopee mall,word,0.2604159470409611
paasa,word,0.2603685716450059
ibang shop,word,0.2601845827976393
kwe,char,0.26017445926318133
gave,word,0.2596056487484039
tamad,word,0.2595638049945905
sana nag,word,0.25953309816542486
nyong,word,0.2593743881290202
rl ,char,0.25931234783963636
nagamit,word,0.2589587948339233
fee,word,0.2587873276028247
gil,char,0.2585593154504077
nung binuksan,word,0.2581367397371159
ok maganda,word,0.2578705300495666
size size,word,0.2575333297989077
lag,char,0.25737929421292827
gawin,word,0.25731930527003016
dumating parcel,word,0.25721447810491593
tatlong,word,0.2569928654605105
orb,char,0.25685225138951634
mali pa,word,0.25675848337387147
before you,word,0.2566728093161181
men,char,0.25650971492159735
sobrang nipis,word,0.25648316940821764
ibenta,word,0.25599475323355814
end,char,0.25598580181228
yus,char,0.25596712655528314
obo,char,0.25584755325361097
efu,char,0.25570161440006584
you pa,word,0.25565001195481013
after,word,0.2555340052930399
balat,word,0.25520889654566375
gda,char,0.25493487859170316
mas malakas,word,0.2549289830062082
madaming,word,0.2546112467223498
mp ,char,0.2543046809297195
you will,word,0.25425930467601227
thr,char,0.25409327442567564
useless,word,0.25398970233582546
day,word,0.2537598514621166
ous,char,0.2536184232083454
choices,word,0.25324358708940264
ilalim,word,0.25322364176611356
kmi,word,0.2531748901659829
bur,char,0.25315433932921355
dal,char,0.2531215494156823
me,word,0.252817464674479
imitation,word,0.25276265820294685
seller sana,word,0.25259814958770327
sus,char,0.25241893038261953
amoy goma,word,0.25235122387845094
pau,char,0.2521327288009915
pki,char,0.2520091250903017
hu ,char,0.25189612289981067
idn,char,0.2516795834487488
mi ,char,0.25146411547174674
agad,word,0.2514190725997318
asi,char,0.25122252166979175
kitang,word,0.2511197012596282
isy,char,0.25102866104202154
kaso parang,word,0.2507209373448465
regarding,word,0.25008100232300945
oko,char,0.2500196700769666
di pantay,word,0.24997013849250888
matigas,word,0.24993214935116426
nawawala,word,0.249855787180585
batt,word,0.24983641551179533
nasisira,word,0.2496022207245441
attitude,word,0.24949944247165023
pagka package,word,0.2494792569110454
hangin kahit,word,0.24927940541459706
unit,word,0.24905219313301535
purple,word,0.2489302507576881
goma,word,0.248908246437736
there no,word,0.24836816534764328
 ee,char,0.24798021412399499
run,char,0.24791433353919548
naw,char,0.24758692045077083
gos,char,0.24721230991603377
epo,char,0.24721170599792316
aop,char,0.2468274873465819
quality di,word,0.2468091320472886
 cm,char,0.2467366817975349
already,word,0.246395666610863
toh,word,0.24624086116793267
red,char,0.24591065804286288
rew,char,0.24562600219888925
its so,word,0.24543137285088223
maideliver,word,0.2453977370714993
didn expect,word,0.2452322151808471
hindi tama,word,0.24508561935130338
nya tas,word,0.24507782297817152
tss,char,0.2450609496846604
return refund,word,0.24498672295969237
sga,char,0.24491146668659233
nagtitipid,word,0.24472313523085643
ko dati,word,0.2446225996026866
lm ,char,0.24427031240567754
moy,char,0.244039535865397
ariana,word,0.24399799608946293
nu ,char,0.24398918563236
sya tapos,word,0.24361233209505706
bayan,word,0.2435690482155908
und,char,0.24336446867804712
iap,char,0.24332283782503386
cos,char,0.24315802668572017
order tapos,word,0.2430383793453958
whi,char,0.24297818997224455
wag kayong,word,0.24292358651227036
nman product,word,0.24287821817679536
tle,char,0.24266156848951215
gha,char,0.24262440397847282
kao,char,0.24234740044879233
magagamit ko,word,0.24228923449901163
seller check,word,0.24221957672362399
sto,char,0.2421138917483396
 bk,char,0.2420070065988248
pka,char,0.24178243242286845
pec,char,0.24169018034106296
sana di,word,0.2416149916661563
cup,word,0.2415151723805374
another,word,0.241495411207731
dont know,word,0.24130472622356136
kaso di,word,0.24108797165274048
ganun ka,word,0.24099442562721074
color white,word,0.24095345877864918
item may,word,0.24025752757936872
bay,char,0.24018840210955544
odo,char,0.24015252439344204
rde,char,0.24010561609027578
ko last,word,0.2400321704904335
lou,char,0.2400010194363118
nagbabayad,word,0.239838466262677
dumating size,word,0.23971669481662242
 pc,char,0.2396316763122128
mabilis masira,word,0.23962398279563332
bat ganun,word,0.2392612047500126
kaso my,word,0.2391718321913529
parang tubig,word,0.2391498437295319
sayang lng,word,0.23895422900900137
medium,word,0.23894006396738465
bogus,word,0.23892646541828785
just,word,0.23871464538608653
nlo,char,0.23868128840726446
dont buy,word,0.2386725836647833
maganda sound,word,0.23860797909103193
mag return,word,0.2385774316746122
rga,char,0.23855612195053444
app,word,0.2385302228922311
maling size,word,0.2384827199256014
time mag,word,0.23846545716658013
ko mali,word,0.23814389326798843
sana maging,word,0.23801424766957965
staff,word,0.23785166195814442
maingay,word,0.23780888987370805
too much,word,0.23740203052129646
taf,char,0.2371346287759443
opi,char,0.23698991498401034
sinukat ko,word,0.23679062916748062
 gy,char,0.23666086614676063
tubig,word,0.23623317928432133
tre,char,0.23607553057304284
seller,word,0.2360628996268569
beige,word,0.23602691865541023
sagot,word,0.23584178822873736
product hindi,word,0.23579513693823295
item di,word,0.23560286118879498
ien,char,0.23536730413289023
may scratches,word,0.23531928887504325
bumili,word,0.235304229862075
bei,char,0.23519630420844842
ogo,char,0.2351099743238944
sira isa,word,0.2350526328680651
gpa,char,0.23485499039755162
never again,word,0.23443031051365606
sizes,word,0.23426491140476355
but anyways,word,0.23417609151587698
pls,char,0.23381427922132983
ith,char,0.2338078302354188
ko seller,word,0.23373639111040423
gray inorder,word,0.23362043051923406
don buy,word,0.23333741409262282
durog,word,0.23320529518118074
non,word,0.23308431735823823
nto,word,0.2329528657488325
ip ,char,0.23280507539804599
anu,char,0.23275219972660918
nyo muna,word,0.232705740034025
nag message,word,0.2327015894597792
top,word,0.23227579264978812
hay naku,word,0.23212634360645787
mabilis malowbat,word,0.23111141979780458
these,word,0.23107403414662392
agg,char,0.23084874612936732
nip,char,0.23080284853440794
nakaka disappoint,word,0.23038027361393598
rec,char,0.23029925541840118
pcs,char,0.23019794909378463
hec,char,0.23017798252788751
pangit quality,word,0.2299469684616567
bod,char,0.22992568849556227
ko sure,word,0.22979588792072952
nie,char,0.22971204137155235
pa nman,word,0.22953861539647574
inv,char,0.22937533414014222
action,word,0.22897272435796898
damaged item,word,0.22873090057991
abu,char,0.2286605568572823
bng,char,0.2285425020548391
packaging,word,0.2285332591668799
per,word,0.22852760388250618
wen,char,0.22812530847458634
ros,char,0.22808415980485808
jus,char,0.22775702556601662
che,char,0.22763497691811285
nakaka dismaya,word,0.22759871697875775
bob,char,0.22722128135573424
mismo,word,0.22696914024210263
dor,char,0.22691826796898837
porket,word,0.22683771273249287
im so,word,0.22677294074632212
seen,word,0.2267087474682079
manager,word,0.2265484488908336
 kw,char,0.22608426891077493
tap,char,0.22574428024870793
bkt,word,0.22559025628823362
nalng,word,0.22554363122682416
mul,char,0.22531025724026296
ni hindi,word,0.2251345209967595
uck,char,0.22490708669857798
nh ,char,0.22476738196414742
excited pa,word,0.22471416302366082
 n ,char,0.22439291915413914
old,char,0.2242189650571178
delivery,word,0.2240994107433117
see,char,0.2240491466599505
sya long,word,0.22393231800951507
seller but,word,0.2237376696302894
paki double,word,0.22372670948275591
bwi,char,0.22369128644873365
xpe,char,0.22340042310225336
kuha,word,0.22335164893285034
 is,char,0.22296837487460028
cr,word,0.2228818647171954
cks,char,0.22278635812727166
report,word,0.22273667170600264
mpo,char,0.22264511310637863
medyo madumi,word,0.22244308487063905
dn ,char,0.22243314855598612
nakakasad,word,0.22229339418327507
hon,char,0.2222081388396563
hindi mo,word,0.22215545107479523
daming,word,0.22209212706261847
agad pag,word,0.22187090814775431
lasa,word,0.22158906997081246
ni baby,word,0.22150592572057548
black inorder,word,0.22147638514417112
onn,char,0.2213537875806159
ko then,word,0.22134378247567357
ko kaya,word,0.22124188039064294
time paki,word,0.22118238105156884
na ,char,0.2211772864969358
 mo,char,0.22080362421451447
hay,word,0.2207952013479262
such,word,0.22078819988741993
sya agad,word,0.22074636678466444
kita,word,0.2202263347373953
dum,char,0.22001729492233155
ipit,word,0.2199750446709322
aro,char,0.21996183963317495
ulo,char,0.21983771965826324
yw ,char,0.21979791509254937
usi,char,0.21978968701114257
eak,char,0.21970734538876072
difference,word,0.2196338230633838
kaya nga,word,0.21958645715551037
baket,word,0.21939844056902238
super nipis,word,0.21938515436281922
lii,char,0.21932777452473265
suc,char,0.21929920363178354
kainis,word,0.2191906422916819
salamin,word,0.2191668458508522
 gr,char,0.21912354951014545
res,char,0.21912296263270695
personal,word,0.21891643997619303
wis,char,0.21880717871657526
pang bata,word,0.2188061368153375
diu,char,0.21878844197904346
nt ,char,0.21859489486455477
imb,char,0.21851544876626394
ba talaga,word,0.21829956325655003
won,word,0.21822626469963916
gwa,char,0.21820220769166396
sau,word,0.21800551175614438
eef,char,0.21797558625942265
tri,char,0.21794745722186862
pa binili,word,0.2179402894236903
allowance pa,word,0.2177290948090876
time,word,0.21758827938206163
ff ,char,0.21756385405541778
expectation vs,word,0.21747657138881188
hnd sya,word,0.21728520919778732
huhu,word,0.21722731820149485
sana,word,0.21683566955171046
nareceived ko,word,0.21679229676316725
tummy,word,0.21673564302348264
sol,char,0.21671988745599183
 se,char,0.21637098125111395
 ss,char,0.21626693073025594
iyo,char,0.21622804555178543
order di,word,0.21616626460434588
lta,char,0.21610069284764571
ba yan,word,0.21602445145409657
tagal mag,word,0.2160183184375156
yup,char,0.21584846723311385
 um,char,0.21561882220305784
sinunod,word,0.21552887350776428
size,word,0.21537843958348957
so dissapointed,word,0.21537420200446702
isang size,word,0.2152696152939463
bib,char,0.21521868657284043
yer,char,0.2152147613368071
working properly,word,0.21507739476192203
 ed,char,0.2144831463862276
huwag kayong,word,0.21436253925513382
ema,char,0.21421870620062453
ko gamitin,word,0.21418756991758428
iship,word,0.21342063897273642
contacted,word,0.21334691198448888
paulit,word,0.21325381308564337
paulit ulit,word,0.21325381308564337
 pk,char,0.2132356888092423
hindi ganun,word,0.21309355770505814
tapos iba,word,0.21297976757748988
honest review,word,0.21289652490195257
isang,word,0.21285084091560613
waiting time,word,0.21280742936757263
gamit,word,0.21270585072570705
look,word,0.2126864544685311
deserve,word,0.21257852270177266
plng,word,0.21232690769389076
hindi maayos,word,0.21227980715403094
staffs,word,0.21224559207664545
 ii,char,0.21204063800887957
mah,word,0.21200581042431083
kulay inorder,word,0.21185173036164648
hoping,word,0.21184864623196684
last long,word,0.21174240311624826
kapag,word,0.21162017669501085
okay namn,word,0.21153185502887667
 ih,char,0.2113085040958813
 dp,char,0.21119442309111386
wrong item,word,0.21117857693367426
very disappointing,word,0.21104753340927293
pa quality,word,0.21103378803630035
wa ,char,0.21084956174631528
isa,word,0.21068977793653412
tao,word,0.21045321747776238
spo,char,0.21034779890046876
eek,char,0.21033006153422962
mas maganda,word,0.21028617380043146
ium,char,0.20997490483724082
very poor,word,0.20995779926805913
dko,char,0.20981411692843024
ifi,char,0.20977346712579809
kumita,word,0.2096507432295925
palang,word,0.20957348995840658
gch,char,0.2093993995625086
light pink,word,0.2093722231723677
one day,word,0.209324043273189
ipi,char,0.20921455028611066
proof,word,0.20909924991281234
lty,char,0.20906542453200153
uko,char,0.2087364817854106
ingay,word,0.2086474905470338
exp,char,0.20861625755454738
next time,word,0.20822235928299063
you paid,word,0.20818470671396772
sb ,char,0.208090930433075
days pa,word,0.20795555309064095
picture,word,0.20784825127239934
ibalik,word,0.20772526834149585
sobrang bilis,word,0.20767756229283127
seller wag,word,0.20755007270383255
rph,char,0.20717394947289816
chinat ko,word,0.20710294937076434
masisira,word,0.20709141931123662
give,word,0.20704228978593758
malobat,word,0.20675362801884334
pares,word,0.20668786760248645
crew,word,0.20667328786167538
seller unresponsive,word,0.20651251273958549
kada,word,0.20636483862134755
xl order,word,0.20632921437833843
hit,char,0.20620388890839644
nabudol,word,0.2061864402162801
ko si,word,0.20602375134149428
put,char,0.20600671710026752
 mk,char,0.20588118523032437
flexible,word,0.20570668021054964
sent,word,0.20513538435651688
isf,char,0.20511182244227344
gti,char,0.20502797551123506
sid,char,0.20500382056468772
ko shop,word,0.20500114299199615
product not,word,0.2044849824269091
mabilis ma,word,0.20447486763831516
nagorder,word,0.2044376741685775
prin,word,0.20438434445912776
kulay,word,0.20435911895689995
roo,char,0.20421034489423623
side fan,word,0.20419637582926692
ma charge,word,0.2041926607795151
usb,char,0.20412679830329494
opl,char,0.20395956072098986
eop,char,0.20395956072098986
nko,word,0.20366632406975704
binili,word,0.20364696708408045
mar,char,0.20360271080717993
isa dumating,word,0.20341434742359213
ibabalik,word,0.20329229217360645
dark grey,word,0.20325763061334184
dumating may,word,0.20315968203843776
 dk,char,0.20313509674266064
dumating walang,word,0.20304710429564282
one,char,0.20299220414101887
tlaga,word,0.20286514397837385
but no,word,0.20285447492100636
ssk,char,0.2027680110334282
iba hindi,word,0.20273710477358986
dow,char,0.2026914556633669
mon,char,0.2024926010691146
shinip,word,0.20241631416867417
bigyan,word,0.202259667941975
sn ,char,0.20225828330980497
fs ,char,0.20170149482107624
eac,char,0.20164143343784915
wire,word,0.20137434365129098
oto,char,0.2012108321970017
uga,char,0.2011775062457155
hea,char,0.2011501282733808
server,word,0.2011237667645157
pangalawa,word,0.20111451322063914
anyways,word,0.200998598829204
wrap yupi,word,0.20089336332029803
ayw,char,0.20069509325671836
therapy,word,0.20066343640034545
lip therapy,word,0.20066343640034545
olu,char,0.2006203569541212
nlng,word,0.2006032414266023
gawa,word,0.20054384227631308
tbh,word,0.20002361693712334
bea,char,0.19994656024942295
cod,char,0.1998835655639063
available,word,0.19983592935147135
last time,word,0.1997705541926669
adhesive,word,0.19960674894580013
nangyari,word,0.1994338478723008
hm ,char,0.19940445310502852
oo ,char,0.19934921924985244
yn ,char,0.1990351205347638
sya ganun,word,0.19876672661852154
our,char,0.19873882967809908
nabasa,word,0.19865824394021506
ipo,char,0.19856945121570627
ee,word,0.198414770962585
mns,char,0.19831673082825724
 wh,char,0.19828776016757674
cm ,char,0.19816424042752387
pah,char,0.19814687739051492
ley,char,0.1979027292753631
adt,char,0.19788496231663655
order dumating,word,0.1977149181373751
ina,word,0.1976230652489313
kulay dumating,word,0.1976001601270666
frame,word,0.19739382970437092
eye,char,0.19725322972873766
gko,char,0.196790753468097
itl,char,0.19676873444065
pagka,word,0.19605160903331398
rpl,char,0.1959830326311571
cra,char,0.19595047511354163
trust,word,0.19585455415546563
 ap,char,0.1956454459850259
kaso white,word,0.19558805704101512
especially,word,0.19549327905443434
butas butas,word,0.194919844984555
kng,word,0.19481705908927113
lut,char,0.194682333130023
kaya good,word,0.1945972854646141
bakit iba,word,0.19458774011311902
rt ,char,0.19450603867487745
you parin,word,0.19436515524239
nmn,word,0.1941524644085548
ko palang,word,0.19415211919133432
color sana,word,0.19405648059376665
ko so,word,0.1940477142493842
agn,char,0.19392724250797955
balm,word,0.19365041474926928
niyo,word,0.19359824602990233
rbl,char,0.19354859180885167
osi,char,0.19351258341702035
eme,char,0.19338782490600312
cc ,char,0.19335614342996119
ge ,char,0.19333640786326478
ayusin nyo,word,0.19325478919260627
makabenta,word,0.19325439824920765
juh,char,0.19307126364158914
diaper,word,0.19279680875757138
pa dn,word,0.19268211936207033
wala,word,0.19260709948112612
err,char,0.19259951655727464
manong rider,word,0.1925085242749252
parang may,word,0.19242799490435133
nag,word,0.1923304313587891
but seller,word,0.19209813559184785
pala desisyon,word,0.19205519026750317
dumating wala,word,0.19192968868804566
asu,char,0.19178006937891617
bukas ko,word,0.19147614357216983
store,word,0.19142141691283865
ipa,word,0.19133539229164342
iba,word,0.1911056309070244
sabay,word,0.19110287251951424
gpi,char,0.19107468005411868
ayn,char,0.19107230472239534
dna,word,0.19072041471394802
natanggap ko,word,0.19069423385858703
spi,char,0.19063648855139426
lco,char,0.19063458996391536
glitters,word,0.19058224443645455
opo,char,0.19049977532392048
luwag,word,0.1904423533590483
uh ,char,0.19039893501560368
sira item,word,0.19034039914777692
trip,word,0.19032446020968816
nds,char,0.1902963229831058
samin,word,0.19014629967881352
 of,char,0.19002391613450428
ppa,char,0.1900039453047866
very dissapointed,word,0.18989095492272737
dumating item,word,0.18981778215751394
price thank,word,0.18975445640823435
pa dumating,word,0.18972632418385568
iba,char,0.18935165690693154
seller kahit,word,0.1889499960653777
hoc,char,0.18888204547940385
return,word,0.1888269851623608
please,word,0.1886916100128826
okay price,word,0.1886904981840241
dumating green,word,0.18868662336747138
sf,word,0.18861576128790428
sana next,word,0.18850576316918524
ugi,char,0.18840846450526297
peo,word,0.1883952024982401
fact,word,0.1883387839020226
anu,word,0.18831761720939488
fou,char,0.18829279059427995
connector,word,0.1882814261738615
kahit mura,word,0.18805692716374653
missing,word,0.18801977504890838
 fl,char,0.18753144107377534
ago,char,0.18752344902068024
tis,char,0.18747908432468885
nq ,char,0.18736889258222642
nag try,word,0.18708964469781778
fai,char,0.18705763659608937
now wala,word,0.1863269639383429
wee,char,0.18629226373300944
rib,char,0.18604468559103415
roy,char,0.18594961761177994
 ey,char,0.1857539342637989
asg,char,0.18553411848620852
avi,char,0.18553111357659355
dismaya,word,0.18526139808314412
hak,char,0.18525023672131763
deffective,word,0.18522734616332828
subrang,word,0.1850782025099172
ng ,char,0.18506141361325304
 ou,char,0.18502971128123616
isa tapos,word,0.1850012973152433
binibigay,word,0.1846934482032674
iba kulay,word,0.1845580673116902
ef ,char,0.18452943285416248
wag oorder,word,0.18446658975592545
udu,char,0.1843831317911349
ko inyo,word,0.18414020588515728
eca,char,0.1841196869026328
 eh,char,0.18409129021741977
bibigay,word,0.18397743845875633
amy,char,0.18397528430551105
iem,char,0.1839726240607388
pinadala niyo,word,0.18393544867233252
 hm,char,0.18376334033269767
tapos dumating,word,0.18365176604801384
kaganda,word,0.18363182163057173
bor,char,0.18345563640357998
nung item,word,0.183441246703933
bago iship,word,0.1832843951757029
outside,word,0.1832683897808444
manlang,word,0.183218441086468
yar,char,0.18313692314020188
agb,char,0.1830614443366811
charging port,word,0.18302588614825516
fli,char,0.18296999931188027
ipt,char,0.18296992652132463
ko shopee,word,0.18294665588421616
other,word,0.18286365479551728
ack,char,0.1825713144856826
cil,char,0.18252277084621274
maayos item,word,0.1824279044531898
high,word,0.18241728852584535
isang pair,word,0.18233819206192475
evi,char,0.18232410365647614
kaso sira,word,0.1822680367585177
hindi pala,word,0.18223356034801438
magamit,word,0.1820807164349119
weeks,word,0.18198858360132864
kat,char,0.1819713200705435
uye,char,0.18176634254156523
rfa,char,0.18169460579948377
may defect,word,0.18164487365072474
icheck muna,word,0.18161391294263268
sino,word,0.18153789967861417
rerefund,word,0.1814982109727199
random,word,0.18132481034879264
bgo,char,0.18107225313424938
narecieve ko,word,0.18107071927030582
bah,char,0.18089920830024442
mas mura,word,0.18089622073466688
pindutan,word,0.18078998315630262
hi ,char,0.18065949104697934
own,char,0.18054445512283573
oho,char,0.18045030874820706
seller kaya,word,0.17999764772095586
nno,char,0.1796930171135982
suction,word,0.1795932776982168
one size,word,0.17930858649655093
dpat,word,0.1792340797372923
pun,char,0.17905252690835674
unf,char,0.17895047522448435
off,char,0.17892519724647984
ngc,char,0.1785551431214809
turn,word,0.17852634783227483
dma,char,0.17837889865464837
not really,word,0.17837143372925016
has,char,0.17822274220277187
uno,char,0.17808018334051104
et ,char,0.1779263605748018
cannot,word,0.17791930177133705
white dumating,word,0.17784149328256105
mamatay,word,0.17775555402996668
vs reality,word,0.17771171551899603
niyang,word,0.17747455850454993
leather,word,0.17746058060720707
straps,word,0.1773224274690379
lng sya,word,0.17697745796538802
nub,char,0.1769158987739017
luy,char,0.17686942325026217
 bd,char,0.17674113923848483
erd,char,0.17660589886490857
fold,word,0.17660256322790477
ma ,char,0.1765575196875378
bkit,word,0.17653519016089314
oam,char,0.17646143261290054
foa,char,0.17646143261290054
mpy,char,0.1764600692489822
color nung,word,0.17643181476696243
bow,char,0.1763869139469876
oo,word,0.1761383923162764
hindi nmn,word,0.17610796929492473
photo,word,0.17574416848405022
check item,word,0.17572834831498074
lugi,word,0.1756932001966456
 vo,char,0.17559282737201945
buf,char,0.1755403823747102
nakalagay,word,0.17541549132094145
ngb,char,0.17499842237154659
 il,char,0.17495489174607914
yupi box,word,0.17494222023614872
dumating sana,word,0.17489073746956593
pa inorder,word,0.17481919665579282
order black,word,0.17459803529841753
magbigay,word,0.17437734234387003
elt,char,0.174329253605055
putol,word,0.1739327063256813
responsible,word,0.1738032994727771
pinalitan,word,0.17350036947810127
item maganda,word,0.1734918431083531
gumagana isa,word,0.17337375933745344
kz,word,0.17334324398323445
order,word,0.17332919390467083
carton,word,0.17315436437082837
tac,char,0.1730251695539872
aas,char,0.1728768916813829
nah,word,0.17274275047579485
mak,char,0.1725906682661312
none,word,0.1725866155351871
ok yong,word,0.17256345604129047
bee,char,0.17252942698633478
 pn,char,0.172460715979122
ilang,word,0.17240662869233647
okay pa,word,0.17216150380053813
di magagamit,word,0.17211537215759953
naka order,word,0.1719343415461221
sakanya,word,0.171883582716974
oul,char,0.17169381385365398
ibn,char,0.1716200239838976
kau,char,0.17150626573026792
close,word,0.17143001439048622
messages,word,0.1713777215389095
ont,char,0.17126350724720832
sat,char,0.17126091692622963
iba pinadala,word,0.1712501016711197
babae,word,0.17124972227965246
uulit,word,0.1712494579482511
ud ,char,0.17095344379062052
sya thanks,word,0.17082100629474212
thank pa,word,0.1706239562192171
ear,char,0.1703965150094786
yas,char,0.1702906929695913
salmon,word,0.17026816275624135
paki ayos,word,0.17020825531077627
off,word,0.17018738501060215
ordered black,word,0.17002185618438073
nfi,char,0.16987139803617093
mys,char,0.16986537732162307
tinesting,word,0.16937339902208956
ko pcs,word,0.1693598842081573
bni,char,0.16924366802132307
light,word,0.1691998725139221
baby wipes,word,0.16908181767853755
rni,char,0.16896191123779797
hndi man,word,0.16889337160694162
led,word,0.16887567148571953
sadyang,word,0.16857700652059868
pir,char,0.16856946577176585
mx ,char,0.1683743921048845
ganun talaga,word,0.16824910119017564
orc,char,0.16823917380006753
 jn,char,0.1682263693953641
jnt,char,0.1682263693953641
note,word,0.16820972710072823
ok tela,word,0.16816177729652473
won,char,0.16795447324358498
aki,char,0.16790574313993092
oce,char,0.16789324932538227
customer niyo,word,0.16786557859597148
pba,char,0.16785668374620924
ipb,char,0.16785668374620924
ihi,char,0.16767989031015254
riv,char,0.16766801413812057
ko next,word,0.16766692804319805
serving,word,0.16753284454288164
sana ano,word,0.16748900361046068
eyelash,word,0.1673194698338573
buy,char,0.16727320148366942
item not,word,0.16722419114187992
bubblewrap,word,0.16698871709160487
dalawang,word,0.16696897352116907
sana check,word,0.16694943892406736
bkt,char,0.1667941607256479
xtu,char,0.16667822210308442
kkd,char,0.16655793825116125
medyo mahirap,word,0.1663384997265203
kala,word,0.1663261186981699
sle,char,0.1662669624444621
months,word,0.16623964056611837
oya,char,0.16591794677613375
gray dumating,word,0.16588811276896726
eat,word,0.16568703127066833
hotel,word,0.1656698877149466
sana kaya,word,0.16553178416451686
wala hindi,word,0.16527788324448975
dalawa,word,0.165260490864661
bda,char,0.16525259110794308
tapos ganito,word,0.1652177122827979
kagabi,word,0.1649341150547791
foam,word,0.16490274288006923
bum,char,0.16487652171672942
malaking,word,0.16480772375925276
charge di,word,0.1646554597654508
palengke,word,0.16462505015099035
tong seller,word,0.1644267379915923
sayo,word,0.1643820178456522
super tagal,word,0.16401661776126766
malowbat,word,0.16396860158732365
style,word,0.16379935133951734
huhuhu,word,0.1637433928197945
mu,word,0.16372387324126725
gusto kong,word,0.16368180786815625
sng,char,0.16367233729401504
 ep,char,0.16362755302590304
cou,char,0.1634961636373001
hi,word,0.16341413184334838
sa ,char,0.16324857460229314
nkalagay,word,0.16322765543769624
mo mag,word,0.16316696296438532
shop,word,0.1630752751937434
few,char,0.16301697102511298
bluetooth,word,0.16278333153588087
choice,word,0.16257007329924963
osh,char,0.16237369107006816
im disappointed,word,0.1622444838523174
pa nmn,word,0.16222361333742358
eni,char,0.16207149472149487
cri,char,0.16194030722258249
paano,word,0.1614798176795895
pack maayos,word,0.16140369250220668
kitang kita,word,0.16127719602760088
once,word,0.16127098274314638
short,word,0.1612636698848129
kse,word,0.16115067372745445
kinuha,word,0.1611230231449662
kabilang side,word,0.16103340610268205
un order,word,0.16092919757587545
di pala,word,0.16090731611330725
ost,char,0.16090270979439095
mn lng,word,0.1608401109983871
apu,char,0.1607193344315861
hwa,char,0.1606068993814124
tama yong,word,0.16044546113069633
rk ,char,0.16042859624547953
lng hindi,word,0.16036790622528077
sev,char,0.16035382328914433
maingay sya,word,0.16018411949352676
transparent,word,0.16014125067878357
ile,char,0.15999826262183087
mittens,word,0.1598878152684647
otc,char,0.15975259769513964
malabo,word,0.15974134677870475
nq,word,0.15973287168740313
ude,char,0.15953744319946533
lagay,word,0.15939505103634985
gnun,word,0.1593633075232124
wag kau,word,0.15917640092125643
iev,char,0.1591438990006951
reach,word,0.1590974866420901
 ja,char,0.15905567166657253
wag mag,word,0.15887690230005738
nman kaso,word,0.1588569453314524
nadisappoint,word,0.15881040709956018
chinarge ko,word,0.1586551950949363
totoong,word,0.15865036438363664
tanong,word,0.15863821775945788
may pa,word,0.15846546280098137
bass,word,0.15833702483966597
cey,char,0.15817326457003433
apply,word,0.1580445486469745
sks,char,0.15803115311250449
mus,char,0.15799008823908692
wag umorder,word,0.15782247959760728
atq,char,0.1578130048241542
dtr,char,0.1576329033444622
hnd ko,word,0.15747007001590335
but quality,word,0.15742585240165247
ene,char,0.15732933892324577
nya salamat,word,0.15732433596783643
so ayun,word,0.15720513093572402
what do,word,0.15706477280285475
wn ,char,0.15704097237563178
good okay,word,0.15702534711674662
dumting,word,0.15694932127277916
goods nman,word,0.1568090281414112
roa,char,0.15653364525914898
ipinadala,word,0.15649503834586942
manong,word,0.15621030102845865
merong,word,0.1562028442351343
ine,char,0.1561417233079433
different from,word,0.15610110629537283
ym ,char,0.15606731326222806
lnh,char,0.15606049955063406
nareceive,word,0.15587013989170945
hsh,char,0.15576600202808794
galing,word,0.15568275990681152
sai,char,0.1556677853219993
gme,char,0.15564413491493667
roc,char,0.1555425459355517
kta,char,0.15549174291428414
due,char,0.15547203457966052
lik,char,0.15544120606461562
hs ,char,0.15531964598111372
shs,char,0.15507913693254688
lub,char,0.1549052726272308
ko kala,word,0.1549029092143252
wer,char,0.1548273097063099
manipis nga,word,0.1548127069090248
str,char,0.15478693270955488
yong,word,0.15467945148114684
light grey,word,0.15463955870902882
actually,word,0.1545399200679807
war,char,0.15444921232461506
nyo item,word,0.15444097118892783
min,char,0.1544258697322731
pinalit,word,0.15430017140952462
ambilis,word,0.1540343566687365
nfa,char,0.1540061463196074
babalik,word,0.15394447886246165
iit,char,0.15389163914804185
wala sya,word,0.15374229927787753
kkk,char,0.1536660491608061
ckl,char,0.1535831673857531
size nung,word,0.15342909587800904
vea,char,0.15340225579378144
ko naorder,word,0.15340027929186617
wag bibili,word,0.1533633836686854
mali kulay,word,0.15335549354365935
oes,char,0.1532910599298715
buga,word,0.15328599616845578
mas mahal,word,0.15326902404689813
top,char,0.15312590162732775
mali item,word,0.15311226596389038
con,char,0.15311049925928366
rn,word,0.1529201968040003
can,word,0.1528500752251444
dyan,word,0.1528371720561898
drinks,word,0.15280935048855718
gor,char,0.15266933281034192
epr,char,0.1526526900012355
orl,char,0.15264177261641812
nko,char,0.15262458733666853
aft,char,0.15227123422382574
boi,char,0.15227120860165455
 ib,char,0.1521751882670154
ibi,char,0.1521196825316321
ogu,char,0.15192261343582167
ado,char,0.15191902061576149
okay nmn,word,0.1518100045150827
gas,word,0.15180067059071442
un ,char,0.15179133302336895
girl,word,0.15163717570995475
item pinadala,word,0.15163564377278424
kc,word,0.151617487700387
madali ma,word,0.1514981704410123
trying,word,0.15130564488417503
yee,char,0.15115654598903852
aul,char,0.15115531460531892
onf,char,0.1511457693539066
 mx,char,0.15113183145429676
bottle,word,0.1511005663170624
 ow,char,0.15085355161225047
parang alcohol,word,0.1508417274405831
cra,word,0.150824309988428
di marunong,word,0.15082368124743611
mea,char,0.15056903504157507
rri,char,0.15048637730790895
ngayon,word,0.15036586602513802
ko mag,word,0.1503193310809793
voucher,word,0.15018628667072678
tol,char,0.15001512397553857
fla,char,0.15000871013139577
amg,char,0.14998787685311152
 bw,char,0.14987976986707033
mag charge,word,0.14986109340515252
through,word,0.14975090454409645
quality products,word,0.14956991050334803
tus,char,0.1495212321816772
binigay sakin,word,0.14949130120100437
nung una,word,0.14921779120491027
kn ,char,0.14917534482066838
yellow,word,0.14867276310133132
not happy,word,0.14848459862222593
sco,char,0.14817696498794472
tub,char,0.14774742902682989
nag request,word,0.14772807845368102
mo seller,word,0.14768072982402336
pou,char,0.1476679604598697
en ,char,0.14763568932431206
aib,char,0.14762578482646455
meow,word,0.1475434559868574
kya,word,0.14736952981924017
old,word,0.1473427353669773
bit disappointed,word,0.1473010925039469
sinukat,word,0.14721121729476727
sealed,word,0.1471934057591456
rus,char,0.14714219451720784
coh,char,0.14712633523096225
inexpect,word,0.1470619358363283
dumating kahit,word,0.14688098842290354
slow,word,0.14681471215204708
sf ,char,0.1468120348774062
 sf,char,0.1468120348774062
mahirap,word,0.14676783479159564
handle,word,0.14663214276833278
kli,char,0.14659879948733545
tsa,char,0.1463805776818885
right side,word,0.1463011415786294
manloloko,word,0.14616519138823744
edm,char,0.14610299392341006
ten,char,0.14609596702417396
pg ,char,0.14608205562045457
pek,char,0.1460427437748994
dinikit,word,0.14585404172347594
stay,word,0.14584084795791316
dhe,char,0.14578709803577597
rab,char,0.14576729939926522
bakit ganito,word,0.14569294522717707
disappointed hindi,word,0.14567687787212596
sakto presyo,word,0.1456596545878724
map,char,0.1456511754963231
fru,char,0.1455984685324244
mok,char,0.14555358463670232
egl,char,0.1454707771053063
nup,char,0.14546511765819056
lalaki,word,0.1452978812412328
sfi,char,0.1452554747155556
nag chat,word,0.1450457883219123
hindi nagrereply,word,0.1449976457582384
tsu,char,0.1449851070035357
problema,word,0.1449587264091939
pap,char,0.14494982359151093
mapapamura,word,0.14448465170988736
eil,char,0.14439730881326793
ffe,char,0.14371714476857744
sya but,word,0.14362975608924788
gav,char,0.1433167423712681
ezy,char,0.1432491225398597
onv,char,0.14323449440169314
talaga pag,word,0.14307194415482005
dala,word,0.14293538422492183
xxx,char,0.14274727148353833
itu,char,0.14257913764967023
yag,char,0.14257289067194256
 ut,char,0.14251633436329494
adb,char,0.14248978289359548
jee,char,0.14223511237261804
nmn item,word,0.14222677649721918
 bg,char,0.14218988291598958
ei,word,0.141899436598424
kpg,char,0.14189631310243567
mabuti,word,0.1418949930668359
tla,char,0.14187589082429675
promise,word,0.1418157571321651
nac,char,0.14178428839736876
gga,char,0.14174213581859624
have,word,0.14169216965722392
ko violet,word,0.14159576276894636
put,word,0.14136369259632434
ras,char,0.1413250848263736
magnda,word,0.14131967599923326
kulang isa,word,0.14106794762889407
bigger,word,0.14097927914682423
dumidikit,word,0.14096278094650913
grande,word,0.14074258134411183
ariana grande,word,0.14074258134411183
wrap kaya,word,0.14071986205319958
tay,char,0.1407003898629963
ipl,char,0.14058541719874046
odn,char,0.14058035827194412
 be,char,0.14049027360484434
deniliver,word,0.14037277710824245
snt,char,0.14026682467909946
bel,char,0.14021582330587495
hello seller,word,0.14012460440470276
meo,char,0.14010544966506527
ago,word,0.1400910311791552
uar,char,0.1399571541603688
laman,word,0.1397989044992383
stain,word,0.13970534978197732
reply,word,0.1396964435267784
customers,word,0.1396725329585849
zero,word,0.1396447845281077
urf,char,0.1395549100085184
ayosin,word,0.1394633786042947
ony,char,0.13945645961786485
normal,word,0.13945076194751396
ced,char,0.13939264525716769
hol,char,0.13926417820395515
ko pag,word,0.13923290624042425
nag,char,0.13919796911802712
cr ,char,0.13903640849017962
narecieved,word,0.13903417056137007
pa order,word,0.1389477482684247
good but,word,0.1387569261012215
dai,char,0.13864498826077756
good sana,word,0.1385655026368074
so very,word,0.13855288470998264
 ia,char,0.1384948087050375
tta,char,0.13831162988693166
ibibigay,word,0.13802156399477714
shop nato,word,0.13797062967310478
 el,char,0.13792934142666113
xib,char,0.13791689827148898
mgr,char,0.13783480758537894
ck ,char,0.13778802885273697
qng,word,0.13774460487862333
erq,char,0.13753242600437918
rq ,char,0.13753242600437918
mbi,char,0.13748836819441168
ran,char,0.13747835560883415
arrive,word,0.1373309317771413
oss,char,0.13730538041141593
factory defect,word,0.13704595457321816
hindi nyo,word,0.13699727881738016
excellent quality,word,0.13683342855123282
based,word,0.13682342203917522
tym,word,0.136801532953109
 pa,char,0.13630781994210509
 aw,char,0.13620096937004214
 km,char,0.1359511154154133
contact,word,0.1359258431441569
sana product,word,0.1357808432015824
don like,word,0.13575304153808992
super bilis,word,0.1357195527564916
xta,char,0.13558038921198676
 pp,char,0.1354307848631296
wbe,char,0.13530639467081562
awb,char,0.13530639467081562
nli,char,0.13527233227288735
fau,char,0.13497362500325927
gabi,word,0.1349587962161446
ske,char,0.13488094829578473
defect,word,0.13486791246587748
rai,char,0.13478267944547587
ko sana,word,0.13464276872597597
ma deliver,word,0.13454367808024822
gyu,char,0.13441172504662727
ll give,word,0.13416842673746074
size but,word,0.13414958593327453
tela nya,word,0.13412913703726057
sabi ni,word,0.1340907775082769
shirt,word,0.1340510350448137
labi,word,0.13403205091052411
give star,word,0.1340041420372238
rdi,char,0.13397230088472648
pang regalo,word,0.13395184087296835
hindi responsive,word,0.1338805785957747
di mo,word,0.13384618715553148
ayun nga,word,0.1338148006627898
oso,char,0.13367934530977352
kt ,char,0.13364332502179946
napakabilis,word,0.13356009179950015
ubu,char,0.1335529473500207
approachable,word,0.13347990458928033
oth,char,0.1333924978722436
sira binigay,word,0.13331011895481204
tapos nung,word,0.13325414553115317
darating,word,0.1331037231988594
 ot,char,0.13304579829722865
bh ,char,0.13304353913286587
tbh,char,0.13304353913286587
ok pa,word,0.13290642161223087
papalitan,word,0.13288785884243182
 hs,char,0.13275807192501432
item delivered,word,0.13270032685180985
irs,char,0.1326420310345575
order received,word,0.13261296841337117
kana,word,0.13260422118222434
waist,word,0.1324934530335337
iib,char,0.1322209101692955
might,word,0.13211105852817415
attempt,word,0.1320317553180163
mu ,char,0.13194424144708264
okay its,word,0.13189556458350707
costumer,word,0.1318031267112015
etong,word,0.13171565985242795
kausap mo,word,0.13169290215653456
double check,word,0.13142568595463264
harap,word,0.131329453961092
yang,word,0.1312375339490221
pala size,word,0.13117365495994412
gua,char,0.13117098024315693
working kaso,word,0.13116630458712444
ive,char,0.1311600073509992
dun,char,0.13104721517777093
item okay,word,0.13104100694791004
pln,char,0.13102423960904047
met,char,0.13102040829416867
order white,word,0.13100024456713327
busy,word,0.1308144386151482
agc,char,0.13078938207372157
properly,word,0.13077887730146673
pa talaga,word,0.13074716966323843
net,word,0.13059440686500848
fte,char,0.13054149978507848
zes,char,0.130350644886305
color black,word,0.13026741226640967
 dy,char,0.13016560275513708
response,word,0.13015928686315306
noh,char,0.13015750107840707
itt,char,0.12993498502694953
pgk,char,0.1299030498846309
sya medyo,word,0.12985132076615521
ganun,word,0.1298112968981434
may free,word,0.1297200187979297
three,word,0.12959080459544886
paid,word,0.12951388136493666
badtrip,word,0.12948451830443924
uto,char,0.12946897469377294
pod,char,0.12939305915339624
ctr,char,0.12934141919820796
yam,char,0.12930562510316693
kulay iba,word,0.12926673238759584
 sn,char,0.12904807780080937
mob,char,0.1290432638975221
think,word,0.12897488682744931
tir,char,0.12888909072749727
gap,char,0.1288870739965837
bee,word,0.12884561539195138
adl,char,0.12880482237386878
mukang,word,0.12877230092182063
 ki,char,0.1287615998465117
pagkain,word,0.12875195177472
mka,char,0.12852793415982763
kaa,char,0.1285035686725997
sky,char,0.12841804221201597
rej,char,0.128390742032218
cant,word,0.1283538697862878
easily,word,0.1281478713418696
iha,char,0.1280373694453839
sug,char,0.12795404449544942
trabaho,word,0.12769596028442595
ngayon lng,word,0.1276939237418394
then after,word,0.12763507433900154
seller walang,word,0.12751237567863286
mou,char,0.12744960210331982
mf ,char,0.12742389894419678
size sana,word,0.1273593697607663
expensive,word,0.12723577952002466
 pe,char,0.1271577534016827
pnd,char,0.12713388114977672
yal,char,0.12711498713537675
dmi,char,0.1270849701148778
size pinadala,word,0.1270709634788433
 rn,char,0.12689072151181222
gkk,char,0.12688979087410154
us,word,0.12670366702313898
isi,char,0.126626181671441
cheap price,word,0.1266246967523167
duh,char,0.1263916934463631
yay,char,0.12636294245423588
biglang,word,0.1262461144986465
uld,char,0.1262112269458191
clear,word,0.1261906393619471
ewr,char,0.12606194380753372
power,word,0.1260013543558859
discription,word,0.12592918664825367
nbo,char,0.12583801798779534
sinabi,word,0.12569328932163631
gwo,char,0.1256377341191926
hen,char,0.12559934833228323
halaga,word,0.12542468906997248
pet,char,0.12541583710717774
aly,char,0.12535682734746803
adh,char,0.12533738437453082
ggg,char,0.12527019914137363
naj,char,0.12524567050799507
 si,char,0.125034031617293
ah ,char,0.12495851272531482
know,word,0.12493301957841592
lde,char,0.12447754987780789
mbe,char,0.12413710454528791
equ,char,0.12401338970741015
mura sya,word,0.12395928376737451
gagana,word,0.12393112269123371
logo,word,0.12388264775713048
cod,word,0.12385750343055348
abot,word,0.1238275634023177
kabila,word,0.12380544549813698
daling,word,0.12372399218687306
 es,char,0.12358162208220812
irm,char,0.123478101533038
tenga,word,0.12347320012437794
nib,char,0.12343870646022276
you rider,word,0.1234341296351258
nud,char,0.12342897549925426
likod,word,0.12326703727483648
dissappointed,word,0.123227054026432
gusto mo,word,0.12318306803875217
grande cloud,word,0.12314910895996074
gyn,char,0.12314588055933894
 b ,char,0.12306765516507215
eow,char,0.12294163159740039
order here,word,0.12293894617147454
ygh,char,0.12292295569966033
sobrang hina,word,0.1228891848658759
tabi,word,0.12285371536551351
ubr,char,0.12255683948967372
pok,char,0.12251095252704851
sinuot,word,0.12245444303819703
kulay pinadala,word,0.12242631649578428
hyp,char,0.12237268218646578
poor packaging,word,0.12226624464880363
mas,char,0.12217733894720517
pangit item,word,0.12186328901467561
kod,char,0.12171655717394612
been,word,0.12169475726495725
bbu,char,0.1216500004635353
kng,char,0.12161565880265136
nabili ko,word,0.12156535623440853
its okay,word,0.1215043824626853
stock,word,0.12135550737937269
nude,word,0.12135325054084235
ffs,char,0.12134836732277068
apr,char,0.12126598095766396
 ml,char,0.12124447004275378
inform,word,0.12118292670455102
ewan ko,word,0.12118280632120797
thru,word,0.12110227588309437
ula,char,0.12101264469695497
marami pa,word,0.12086008743442443
ngk,char,0.12083131893730724
amn,char,0.12079992502901847
mag rate,word,0.12076383016858866
vid,word,0.12074915488492637
yin,char,0.12073841242011062
hindi nag,word,0.12072048799332845
order mo,word,0.12071897502690229
nng,char,0.12059418967053036
mig,char,0.12053631598531252
pag nag,word,0.12047469742778903
kame,word,0.1203703793259468
so disappointing,word,0.12023203746766453
natagalan,word,0.12014265836710473
dba,char,0.11999073664080727
tingnan,word,0.11998259187078149
kny,char,0.11995669575845216
mum,char,0.11987253258465376
item binigay,word,0.11986861653451202
nsa,word,0.11983191383115709
tob,char,0.11982500495507793
bali,word,0.11957486930865639
find,word,0.11952436866412768
sana icheck,word,0.11951704376609751
mn,word,0.11939539473360453
 tb,char,0.11939130789374307
ko dalawa,word,0.11934821555792521
hindi magamit,word,0.1193250005580172
gum,char,0.11930521459044657
mura may,word,0.11925569373036832
puc,char,0.1191800447489564
leggings,word,0.11913004890202719
owl,char,0.11908368744046267
sya pang,word,0.11908365977648264
malamig,word,0.11900717172105749
lowbatt,word,0.11899917367168555
andami,word,0.11894816751517696
uds,char,0.1188072450322632
indicator,word,0.11874728336469866
bottles,word,0.11873428330247685
order pa,word,0.1183286367475972
checked,word,0.1182697457198535
ye ,char,0.11825545873386316
wnl,char,0.1181418207161463
tiy,char,0.11813398583585552
thanks anyway,word,0.11810575795777091
may amoy,word,0.11800019887092822
lug,char,0.11799008376717086
dii,char,0.117940590405841
msy,char,0.11789744923115011
electric fan,word,0.11789386440604055
 id,char,0.11787865977793822
online,word,0.1178657514732219
itsura nya,word,0.11778973805059004
pa maganda,word,0.11776518582481155
glass,word,0.11775570039621204
color gusto,word,0.11763328864754415
box,char,0.1175957152164152
axa,char,0.11753184975314085
zen,char,0.11737656599878382
gnu,char,0.11728935390403261
food,word,0.11727684433859999
tba,char,0.11721165570317209
 on,char,0.11699527897444736
ibang color,word,0.11683944911506262
rop,char,0.11658680436071939
tao,char,0.1165157390058446
nkk,char,0.11650112920833676
mabilis sya,word,0.11649023505160183
makita,word,0.1164157174247621
nagrereply,word,0.11636641939124966
lex,char,0.11635135863769448
sobrang,word,0.11618622252017086
pao,char,0.11609423434860502
talaga kaya,word,0.11604364557243678
nyo ipadala,word,0.11599896277927724
imbis,word,0.11599615805127578
two,word,0.1159173174531891
jec,char,0.11581436724773242
ngn,char,0.11580905672347182
eab,char,0.1157407466272045
hello,word,0.11569040236699363
mejo maliit,word,0.11565680739543509
sub,char,0.11560256356093315
suotin,word,0.11559512371728924
pst,char,0.11556316960899328
kabilang,word,0.1155550669642946
fast shipping,word,0.11537570559527487
itsura,word,0.11533819438353497
ril,char,0.11528253339452324
maling,word,0.1152725816949884
jag,char,0.11526406972862253
apy,char,0.11522956594365878
 oy,char,0.11522584485654355
aaw,char,0.11517835685429867
more than,word,0.11515172311107552
good sya,word,0.11501095622417923
mas gusto,word,0.11500540019185429
parin seller,word,0.11489656250828466
complain,word,0.11485259031553065
bago niyo,word,0.1148014349702542
ngang,word,0.11478039583256634
ssy,char,0.11474267413896869
nsp,char,0.11473362269053958
ncy,char,0.11471602223902855
gumagana yong,word,0.11470448670352058
sold,word,0.11470140660005439
ief,char,0.11453259571331582
nel,char,0.11452107933078008
usl,char,0.11437032713870093
sly,char,0.11437032713870093
bnb,char,0.11431948400048726
eoh,char,0.11422466781832326
tapos ayaw,word,0.11416104039497153
ass,char,0.11400803788260576
nyo size,word,0.11398328330832176
inform si,word,0.11394434409259976
ret,char,0.1137095099574514
laki nya,word,0.11370281648031022
tanggap,word,0.11352181483276418
nya may,word,0.11351905669923788
saakin,word,0.11350540675018743
sya worth,word,0.1134728640359804
etl,char,0.1134247491211981
sorry but,word,0.11329386722543253
vio,char,0.11328922903152557
rme,char,0.11299910964744474
see picture,word,0.11297909679639616
nag leak,word,0.11291818333059776
sog,char,0.11275484026432528
mismong product,word,0.11267791897678531
ko magagamit,word,0.11260061137055917
pinadala nyo,word,0.11252998217018874
iod,char,0.11246667198234683
idr,char,0.11238611741483348
ubo,char,0.11235327603336531
ilang days,word,0.11231814634984094
exi,char,0.11231575368711799
oud,char,0.11227408795895576
 gh,char,0.11223738180950218
set,word,0.11223719916875083
tanggap ko,word,0.11222233160776195
nakabalot,word,0.11215114973353207
nakaorder,word,0.11207272103503182
namen,word,0.11204694473358981
 hw,char,0.112027639306408
zer,char,0.11200351086751834
kar,char,0.11190558556278882
sukat,word,0.11187774894549386
my purchase,word,0.11175142871377755
do not,word,0.11174925283764661
lue,char,0.11162222046468799
 fb,char,0.11160330466250928
fb ,char,0.11160330466250928
sure if,word,0.11160056199687667
ome,char,0.11130655354013144
 et,char,0.1112217002797067
marunong mag,word,0.11122073281009849
sem,char,0.11109844798236876
 ms,char,0.11101611768697713
igu,char,0.11100238935557272
umasa,word,0.11097528918245982
may butas,word,0.11091789365417438
request refund,word,0.11073460684505394
recommend shop,word,0.11068020438074988
rooms,word,0.11066914967612201
am very,word,0.11059733551794398
rcv,char,0.1105445675644417
hou,char,0.11046370904320844
bad experience,word,0.11041987341825574
blue orange,word,0.11034730470674697
ody,char,0.11021488480930317
abk,char,0.11017000715811578
color green,word,0.11007851489938156
ian,char,0.10999205922523624
antay,word,0.10997984471470887
ko nagamit,word,0.10995993045359424
rah,char,0.10991411375026011
want,word,0.10982526308805357
before iship,word,0.10976959335958103
ok lng,word,0.10972294010869016
lng pera,word,0.10961847548329268
kahit ilang,word,0.10960067107552021
malayo,word,0.10947384527408748
bago nyo,word,0.1093619030699862
took,word,0.1093299741211918
oac,char,0.10932059082585519
ahe,char,0.1093102255589184
tahi,word,0.10929246282456812
otb,char,0.1091471262630775
mg,word,0.10914508505424923
mabilis maship,word,0.1090065473972754
ilan,word,0.10898183694456585
kpg,word,0.10896068983935456
sira isang,word,0.10895556009096365
arg,char,0.10893313169473239
tulad,word,0.10887460658913473
hindi katulad,word,0.10887021621702891
al ,char,0.10869489597469116
seller kuya,word,0.10868681724311371
rev,char,0.10868067816317906
client,word,0.10843070861552119
tym,char,0.10809797210915303
using,word,0.10808879777651104
irl,char,0.10804559393959264
gho,char,0.10790215361671777
grr,char,0.10784945300191097
akk,char,0.1078459862082846
obb,char,0.1077994750593525
igt,char,0.10768467265325728
ayo,char,0.10767134033823617
seller shoppe,word,0.10744990267710071
haist,word,0.10743031374770753
sun,char,0.10742491865629206
obl,char,0.10738137034759558
ens,char,0.1073737388329533
courier,word,0.10734325920642292
bago ideliver,word,0.10719783459895367
glasses,word,0.10714661844318048
hmp,char,0.10711983562244877
express,word,0.10705983590040502
fac,char,0.1069343409553511
china,word,0.10677857956932703
free shipping,word,0.10668710477443522
ba,word,0.10664750852048928
dna,char,0.10664088367876569
kur,char,0.10655650189107667
eah,char,0.10649965349975199
kuw,char,0.10640972118466419
bakat,word,0.10635217804502484
nasa loob,word,0.10634256268249623
agk,char,0.10633747894226893
az ,char,0.10629722629664567
taz,char,0.10629722629664567
tih,char,0.10628784443054867
uet,char,0.10617268603494505
liz,char,0.10608358537402662
product sulit,word,0.10603489988602346
umaandar,word,0.10598256307208308
medyo natagalan,word,0.10592782173621562
hard,word,0.10581558238480464
ent,char,0.10580377583551319
zipper,word,0.10566935459046918
nxt time,word,0.1055146347952783
stand,word,0.10550463047906232
xpr,char,0.10543119039324719
san,word,0.1053681130175997
mura sana,word,0.10533765560308292
mad,char,0.10532702613225312
dne,char,0.10521065728087522
nir,char,0.10508641884333564
di nga,word,0.10505718114656742
koo,char,0.10505506609648298
umulit,word,0.10504411683257384
tt ,char,0.10501295035140476
lre,char,0.10501269739674501
pa ata,word,0.10494109385493063
pati,word,0.10493502433514446
vai,char,0.10480116509959243
makapag,word,0.1047940218124633
dud,char,0.10477176930029088
mah,char,0.10475523394792884
kga,char,0.10474470914098376
iba pa,word,0.10454955054001686
ndh,char,0.10443822937078624
order pink,word,0.10428356870951552
seller very,word,0.10426370698604245
payment,word,0.10424438329238848
nvi,char,0.1040608338479589
dlwa,word,0.10395360507861616
oma,char,0.10388047877427284
nce,char,0.10387483160312545
walang charger,word,0.10386093678391838
sana sya,word,0.10380584503669571
nmin,word,0.10363085653797996
max,char,0.10358658576016277
fitting,word,0.10354065058572189
ckp,char,0.10334417144520205
amoy sunog,word,0.10327092876726146
val,char,0.10318882013060103
voi,char,0.10303504208310593
eal,char,0.10303431527165541
pa bago,word,0.10298350668149582
hel,char,0.10285392752467547
igp,char,0.10267801168577578
 gg,char,0.10264625473237793
oorder shop,word,0.10256523944714466
yunh,word,0.1024683710831372
mda,char,0.10245108662919467
jok,char,0.10245090328276404
sbi,char,0.10240636548959416
sira sya,word,0.10236242887081982
did,word,0.10221101206602727
sya bago,word,0.10218107198764605
 ps,char,0.10216961828559415
price super,word,0.10208110045650488
 ev,char,0.101922847943574
during,word,0.10186880407290108
erm,char,0.10182722581986046
etw,char,0.10182509201217083
icharge,word,0.1017094006539477
standard,word,0.101701098037732
nal,char,0.10169324220941638
gumagana remote,word,0.10165682761101522
eit,char,0.10164521916046065
use,char,0.10157640975768083
bon,char,0.1013795160151158
eje,char,0.10134944063282723
kaso hindi,word,0.10131682690124352
gusto,word,0.10107126124383348
basta,word,0.10100325278049428
pam,char,0.10092785961902281
kz ,char,0.10078142174828372
halagang,word,0.10073940371028134
usy,char,0.10070220336738474
ky seller,word,0.10069370203215654
hyg,char,0.10069199982731906
than expected,word,0.10062033246571214
completo,word,0.1004972737843448
item hindi,word,0.10041206770325849
vou,char,0.10036167908188602
syo,char,0.10031412973019857
dar,char,0.1002154509930338
kaf,char,0.10008814876837574
see,word,0.09991574958852902
nagbabayad tama,word,0.0998847717611373
expect too,word,0.0997715797565211
rog,char,0.09958412567009577
 rc,char,0.09957297527019528
pretty,word,0.09956923879045525
sablay,word,0.09955310804196157
im not,word,0.09954064425849127
goods quality,word,0.09953661073227325
pi ,char,0.09942604898233247
abo,char,0.09938232331714057
reply seller,word,0.09937639565114705
tas di,word,0.09931493594667135
check muna,word,0.09930371790739934
 ra,char,0.09929525103889743
nirefund,word,0.09925745265183945
ao ,char,0.0992060273981083
recommended,word,0.09908568157898447
prob,word,0.09907836864250326
size di,word,0.09898386534672142
product will,word,0.09897912167182613
shl,char,0.09891962414474581
oh ,char,0.09889528040865829
req,char,0.0987615809704662
gka,char,0.09869901545075109
niyo muna,word,0.09866384527594294
nyu,char,0.09863607348241953
fle,char,0.09851782833182342
length,word,0.09851750821674281
dra,char,0.09851219182275678
iff,char,0.09847026650837107
tek,char,0.09846945883109179
lai,char,0.09840437724597809
ikot,word,0.09836658549588748
mapunit,word,0.09835788955242042
hti,char,0.09833769791121764
pho,char,0.09833464097367213
thought,word,0.09825340843446842
feb,char,0.0982100918741375
inq,char,0.09813664399519968
xx ,char,0.09809775271091536
sira product,word,0.09797917426269616
belly,word,0.0979562346915075
nacheck,word,0.09790777551835568
pt ,char,0.09789978751297632
onl,char,0.09786507923285173
efs,char,0.09779912588598734
 bb,char,0.09770683340278938
ged,char,0.09770172493787241
edl,char,0.09763163918210602
rbi,char,0.09745798617542284
gne,char,0.09744252248556902
mag refund,word,0.09740036036149821
tov,char,0.0973633471220416
esu,char,0.09735725223821845
yong item,word,0.09730109722273579
neg,char,0.09725442194627526
owi,char,0.09721412293817358
ert,char,0.09719218883841749
png,word,0.09717736271415424
que,char,0.09690152408544184
iex,char,0.09689952259013264
abn,char,0.09674388016635939
not recommendable,word,0.09671205580392139
ko malaki,word,0.09668148897686257
sya pwede,word,0.09664210024551634
pel,char,0.09657371533447225
ca ,char,0.09649018525935037
first before,word,0.09640862160477078
ko bago,word,0.09639536146074806
yol,char,0.09637902613332601
udg,char,0.09633773083566229
nmn,char,0.09628385800081618
ube,char,0.0962615885657415
seems,word,0.09610612682638126
rma,char,0.09607336243141013
 at,char,0.09604875252410838
kya,char,0.09604739935412093
material,word,0.09597883268542634
down,word,0.09594760301918334
sse,char,0.09593521593583236
fuc,char,0.09592458167885028
sc ,char,0.09579940310131187
er ,char,0.09564431074890165
buyers,word,0.0955838626359605
ypa,char,0.09556247744618394
all items,word,0.09554501346588941
nya malaki,word,0.09553556932188137
maayos pagka,word,0.09551233464086395
pano ko,word,0.09546004693705373
kmi,char,0.09543971178089945
skn,char,0.09530471004451535
ea ,char,0.09517008213709478
dev,char,0.0949519422794378
pa isa,word,0.09469823920453424
ginagamit,word,0.09456301686549656
before shipping,word,0.09444862402652747
kc ,char,0.09439934878243088
 yu,char,0.0943857899758142
kayong oorder,word,0.09436938611337296
 ol,char,0.09436270904655313
urt,char,0.09430413631031241
ruh,char,0.09412669166623953
ko nag,word,0.09411996695830474
packaging kaso,word,0.09411159995397035
sorry seller,word,0.09402950950824204
almost,word,0.09401069518384796
saa,char,0.09386312021400575
ma ship,word,0.0937788364496245
mru,char,0.09377479418362773
peke,word,0.09370151209179517
nakakabit,word,0.09362848048910445
nsw,char,0.09361522622160903
heater,word,0.09359900936311877
rm ,char,0.09351004673879891
aca,char,0.09350200593693299
ong,char,0.09347110425029256
nxt,word,0.09317457417572896
wala syang,word,0.09304587145471394
being,word,0.09297114377410684
materials,word,0.09272199773736636
luma,word,0.09269588105735364
place,word,0.09243902142530064
twa,char,0.09221841691589777
wap,char,0.0921594596027162
gog,char,0.09213204461940427
binalik,word,0.09197733552453823
binebenta,word,0.0919002787430719
lahat maganda,word,0.09169564888736542
gusto nyo,word,0.09164668461345424
elp,char,0.09153453281143416
aye,char,0.09133784782986364
iwi,char,0.09132681818421505
ing,char,0.09131531677480706
pig,char,0.09122921504770155
iisang,word,0.09118947982068774
overseas,word,0.0911827258846475
papel,word,0.09116144787878884
ko nagustuhan,word,0.0911151680029562
npu,char,0.09101208070397351
sobrang liit,word,0.09100262782833124
 xs,char,0.09100149616685087
eexpect,word,0.09099708164842552
dni,char,0.09098028784946069
shi,char,0.0908142916097911
nkaka,word,0.09079485718340027
nun,char,0.09077102359321686
expected ko,word,0.09068791022472257
akn,char,0.09052243290040417
battery,word,0.09043583864202427
gel,word,0.0904293885393545
items complete,word,0.09041028066761322
gms,char,0.09035718209091531
irf,char,0.09030235683000322
pas,char,0.09018319844475099
wasn,word,0.08992014332594699
came,word,0.08969641914268382
ace,char,0.0896477788426325
kae,char,0.0896207390155554
hyy,char,0.0894246003808795
yeg,char,0.08928176518294048
plang,word,0.08908921794546175
ung,char,0.08906061279513698
recommendable,word,0.08900597451106361
gem,char,0.08898201524462929
ayaw pa,word,0.08895132446849235
pinupulot,word,0.08872746079717916
anytime,word,0.08856565354847151
muh,char,0.08849948425250898
liquid,word,0.08844027432280319
usg,char,0.08832147245994192
nyt,char,0.08831311875336754
ofd,char,0.0880171441511446
stove,word,0.08792612635722352
picture may,word,0.08784931325135233
aih,char,0.08783923359722914
tlga sya,word,0.08781693996433436
ngt,char,0.08777792892282951
nne,char,0.08774643097870133
edit,word,0.08763993786318941
 wt,char,0.08748860820196393
ign,char,0.08746984498096846
pia,char,0.08742332040030168
anlayo,word,0.08731693222211784
ues,char,0.08728631780690166
mgo,char,0.08726544032403002
kanila,word,0.08715501608309463
rob,char,0.08712543560243581
parcel ko,word,0.0870679576339518
ill,word,0.08703768471125212
nqm,char,0.08690349164936084
ko ml,word,0.08686785777875915
online class,word,0.0868202829912292
ris,char,0.08680513676989177
gst,char,0.08670429380611869
uff,char,0.08668889327461572
sakin,word,0.0866692450712905
fir,char,0.08654373897333831
nman sya,word,0.08651390016488697
 hy,char,0.08649943938614325
sya paa,word,0.08637841139560837
bayad,word,0.08630632255025675
ma low,word,0.08619521154007664
qmi,char,0.08619405290651197
ekt,char,0.08619214347490047
spy,char,0.08618959817800936
ogs,char,0.0861837086784609
 kk,char,0.08592974804029427
nga dumating,word,0.08590995463508484
por,char,0.0857878111835224
happy new,word,0.0857442347302563
naubos,word,0.0856858139024218
panu,word,0.08546713645415967
kuna,word,0.08546647669556998
huu,char,0.08534128507750753
urs,char,0.08531386572236263
chinat,word,0.08526448250956059
luc,char,0.08517834451173727
ko walang,word,0.08502513616568869
price kaso,word,0.08501642051502936
designs,word,0.08475753357609331
igy,char,0.08474572962588581
photochromic,word,0.08474447489382955
nni,char,0.0847225496157653
lwa,char,0.08469196941262797
mgs,char,0.08466882212871735
ven,char,0.08465538317322249
green,word,0.08462102756087045
may problema,word,0.08458267587090934
alc,char,0.08454345684630732
tm ,char,0.08443176499687859
dineliver,word,0.08441454948431058
wai,char,0.08430949742921197
tapos hindi,word,0.08430350758837105
gat,char,0.08427497842027655
os ,char,0.08427125994241816
gwi,char,0.08417393079232942
ggw,char,0.08417393079232942
kala ko,word,0.08399550892703318
anm,char,0.08388744839481162
matatanggal,word,0.08388558283403724
bumili shop,word,0.0838379841478843
umg,char,0.08382242417531148
tapos di,word,0.08378986478603449
oba,char,0.08370128699613474
cable,word,0.08361185015143599
 nt,char,0.08354513777947113
jan,char,0.08352564465589961
cki,char,0.08339748847432701
kaso ibang,word,0.08339475618596075
ryi,char,0.08325241333807147
help,word,0.08299184490111886
sis,char,0.08297624212089227
tps,word,0.08290434920365981
marami,word,0.08288794494755206
skn,word,0.08279755845683126
ksu,char,0.08270903501463492
kaya sana,word,0.08265101377157358
rha,char,0.08252798662906731
cd ,char,0.08238500880058722
lcd,char,0.08238500880058722
nst,char,0.08232843093567659
device,word,0.0822749089945227
 x ,char,0.08224233051941471
some,word,0.08213595040187247
naka charge,word,0.08213179534931046
binuksan,word,0.08211326563561447
koh,char,0.08209190873262882
ln ,char,0.08206703813889275
kanina,word,0.0819722947950222
order size,word,0.08196534159497511
nin,char,0.08191951208734034
nung isa,word,0.08186648157901388
before,word,0.08184108419303172
aai,char,0.08172011828129198
kaya pag,word,0.08168333935698638
only,word,0.08164589135201869
ida,char,0.08159859706719953
umiinit,word,0.0815437915775272
min,word,0.08130471635996527
ko maganda,word,0.08113251256565784
rup,char,0.08109518993902196
hot,word,0.08109008246057252
nagleak,word,0.08106335096554751
dine,word,0.08105327172779388
gpl,char,0.08091648977053685
unq,char,0.08089968589174575
sfy,char,0.08084459115077586
ict,char,0.08083851761419074
wall,word,0.08083233794416347
marunong sumunod,word,0.08074436812932975
rhe,char,0.0806687820818178
bwe,char,0.08043356873815533
gilid,word,0.08036232446472619
waited,word,0.08028005424854073
oxe,char,0.08019116122114317
cho,char,0.08016889265752787
thankyou parin,word,0.08015987355686885
lage,word,0.08015801624137478
kaya star,word,0.08006525137241177
arp,char,0.08005869279624417
cup,char,0.08001929376369518
aking,word,0.0799520992475486
ngf,char,0.07993841011283452
ko makapal,word,0.07987389740409336
kel,char,0.07983093582118221
eta,char,0.07980934130028337
just right,word,0.07978392125425962
sabi,word,0.07978053656422783
ann,char,0.07977566594374456
upload,word,0.07977434910078786
oily,word,0.0796708662826438
kulay gusto,word,0.07965247788622762
no,word,0.0795217159743029
dw,word,0.07941103054584488
kaso tagal,word,0.07939364109710523
muna seller,word,0.07927963541656369
ko sayang,word,0.07921377036599302
uct,char,0.07918808954452056
 lc,char,0.07918297681361282
ubi,char,0.07911937770988736
binayad,word,0.07911598599441981
sea,char,0.07908101833488916
oov,char,0.07905435127938534
nadissapoint,word,0.07904830578327009
tan,word,0.07902747603513872
pa tapos,word,0.07902579980431598
gsh,char,0.07900709431776709
always,word,0.07898363507331876
bk ,char,0.07896861288328695
sakin size,word,0.0789412786578672
white black,word,0.07883014993448167
cro,char,0.07879544153802534
noon,word,0.07878973783947661
epi,char,0.07876526169519416
mha,char,0.0787439919970549
isa pinadala,word,0.07874227650547921
time ko,word,0.0786748184657896
meters,word,0.07866217157543062
buying,word,0.07855944842798909
lia,char,0.07849082781135865
dumating maliit,word,0.07840649624881331
pin,word,0.07837280620295582
uv,word,0.07834514079841508
chance,word,0.07831731190971354
nagsabi,word,0.07831234003317639
ipa,char,0.07831175527601264
 ei,char,0.07830145760844896
until now,word,0.07829811421564838
bike,word,0.07800964779311748
mca,char,0.07799522907037704
masyado,word,0.07796891089373974
wtf,char,0.07793877087110943
 tx,char,0.07777905857018524
sobrang laki,word,0.07776903449820265
kunting,word,0.07772422035942467
maganda xa,word,0.07758386910531491
color design,word,0.0775731954147554
oras,word,0.07753203697226786
 nq,char,0.07748077772552137
pa nag,word,0.0774650237203772
lio,char,0.07730597093144223
friend,word,0.07723773729561612
mura so,word,0.07715752360967584
tti,char,0.0771096898279971
over,word,0.07706786381435822
eki,char,0.07690428559305479
rmi,char,0.07683839784698802
gss,char,0.07669618310681632
lahat order,word,0.07669266228530362
mnl,char,0.07668215366020016
eb ,char,0.07666339452057275
uyo,char,0.07665995151410598
rra,char,0.0766235660165461
aym,char,0.07655548764362118
hru,char,0.07650375150093519
nya parang,word,0.07636772875567716
meron syang,word,0.07629032679673001
bought my,word,0.07625825948533384
bki,char,0.07624045431031086
sunog,word,0.07620679953492462
laki,word,0.07620383719291336
 ak,char,0.07595040464619339
tto,char,0.07577729688571137
mother,word,0.07575453237654078
maliit size,word,0.07573541277500201
pair,word,0.07571401520853559
tex,char,0.07560922407828784
rto,char,0.07548199497536018
yr,word,0.0754757010175687
yong order,word,0.07545348508778445
baa,char,0.07535951521550928
iig,char,0.07523047931659298
oil based,word,0.07522876069427807
yel,char,0.07519591953413551
ribs,word,0.07519294073151421
bawat,word,0.07517728691154112
abw,char,0.07516384889762406
afa,char,0.07511089722270217
blu,char,0.07505820837721391
ko ba,word,0.07502208950985009
oco,char,0.07500384241383626
usq,char,0.07498540934028211
pc,word,0.07495475334077394
dur,char,0.07494099064535316
sya ganon,word,0.07489324618159572
ulb,char,0.07488919984589651
pya,char,0.07462376917847842
kmu,char,0.0746068272932193
igl,char,0.07456736763677609
aak,char,0.0745659714760073
ssn,char,0.07455074441986517
uge,char,0.0744793169773122
black dumating,word,0.0743838248436653
which,word,0.07435901505413331
 ea,char,0.07428908741477257
umt,char,0.07419605931071548
talaga size,word,0.07406036953304135
xty,char,0.07399459020617737
pag bukas,word,0.07392458564472261
keep safe,word,0.07385762729671155
mip,char,0.07382755640258655
may isang,word,0.07372902035344728
hot,char,0.07369544993857156
sira pag,word,0.07368422930163544
natuwa,word,0.07351352821774679
nka,char,0.073505101720777
kakasya,word,0.07349533987762137
antagal,word,0.07345892768081722
rereply,word,0.07335715219625358
alang,word,0.07333736199946479
fan,word,0.07324696184208192
xam,char,0.07320741164629628
ntt,char,0.07318738171936101
earlier,word,0.07318616363098834
ko dumating,word,0.07314986889898212
ywo,char,0.07313432151819545
mag order,word,0.07309465659075076
pala di,word,0.07308751804977631
lipstick,word,0.07299864222889928
pag nilagay,word,0.07298178615921358
syang,word,0.07296736994811995
hehe thank,word,0.07291700543510657
esa,char,0.07286925203194677
ko oorder,word,0.0728678662819346
erl,char,0.07281478454653625
light gray,word,0.07272335676360284
adm,char,0.07271371473231386
tka,char,0.07239541340190767
kind,word,0.07236412906037451
eon,char,0.07218322322499318
oze,char,0.07207823341541632
rsu,char,0.07204024121966962
rit,char,0.07194729606713937
ngp,char,0.07194610461617218
kyo,word,0.07190064013513468
earphone,word,0.07186541173249715
ko amoy,word,0.07183676781388854
paayos,word,0.07182727586025944
ola,char,0.07172951861235374
ngaun,word,0.07172816609787629
large size,word,0.07167572086788383
lola,word,0.0716442748840095
ila,char,0.07156441070157787
packaging not,word,0.07152809409913177
zip,char,0.07149152276943911
nakakatakot,word,0.07147295582458812
maulit,word,0.07139184772112636
rao,char,0.07135785602550919
aok,char,0.07135785602550919
nuh,char,0.07107220955671739
eating,word,0.07107188598818294
 my,char,0.07105016938405471
bud,char,0.0709935383026748
ths,char,0.0709849518040423
description,word,0.07087293412613584
deformed,word,0.07083462790135021
kulay hindi,word,0.07080710940777733
pte,char,0.07079387604305451
new,word,0.0707094088866
salamat god,word,0.07055552879312156
nsa,char,0.07044679425490913
odp,char,0.0704263636944683
mao,char,0.07042202190809178
kulay blue,word,0.07039469418739816
cve,char,0.07037962407794736
ono,char,0.07033691224033331
nuk,char,0.0703039675264526
 gl,char,0.07016705864498753
isg,char,0.07012343816273256
pa wala,word,0.07009407814028039
rider nagdeliver,word,0.07004990894903564
sgu,char,0.06994734693928269
kpo,char,0.06991820490723771
pinili,word,0.06977750934644332
co ,char,0.06973273560579023
leaked,word,0.0697184862906322
bru,char,0.0696082750924189
mpe,char,0.06951649613455142
ko bumili,word,0.06947073905355958
sana lng,word,0.06936900237374298
xad,char,0.06935090817683438
wrong design,word,0.06929114204150018
mgk,char,0.06914391234666756
alo,char,0.06905790507699933
needed,word,0.06900175975939467
lfi,char,0.0689882358031242
ndj,char,0.06895547713747481
ganun kalakas,word,0.06886843298015945
nmn thank,word,0.0688339158861188
disappointed product,word,0.06876238616383498
lup,char,0.06875160831542788
what you,word,0.06870000666313072
fer,char,0.06867611178362593
aps,char,0.068549960302577
ganon ka,word,0.06848872176188207
hri,char,0.06837268316076266
ego,char,0.06834267601601875
rbo,char,0.06821865668698751
nii,char,0.06812806997141034
hindi xa,word,0.0680990968730656
budget,word,0.06803129311189801
dumating di,word,0.06784341822624139
alf,char,0.0678179986258106
yong dumating,word,0.06779148341176133
anq,char,0.06774904759574865
maayos pagkakabalot,word,0.06762075051636936
happy my,word,0.0676070205972167
gea,char,0.06756865180579319
nmi,char,0.06750127641734195
gy ,char,0.0674573917628269
via,char,0.0674066823663617
nice maganda,word,0.06735204083091124
made,word,0.06728053573916633
ano order,word,0.06726857755031626
rac,char,0.06713146895573474
iii,char,0.06710855395539245
dishes,word,0.0670951152071554
but ok,word,0.06707523121449574
time thank,word,0.0670095915616907
will,word,0.06696358103934257
eez,char,0.06695285932853962
bo ,char,0.06694951284817448
xim,char,0.06692712846589725
dut,char,0.06692223426972965
oun,char,0.06684025276556489
subra,word,0.06680560284224739
akp,char,0.06669088585054038
iol,char,0.06667454763437113
dlw,char,0.06665060644344126
yph,char,0.06654179981722728
pa nagagamit,word,0.0664592480810019
eso,char,0.0663586348288519
oci,char,0.06632957929500859
size dumating,word,0.06628866298129928
binigay order,word,0.06622823673741571
connect,word,0.0662256846661218
ei ,char,0.06609910568816897
ilalagay,word,0.06603790608921135
ssw,char,0.06603167650481867
uro,char,0.06601531403988935
dom,char,0.06599708009384303
seller pa,word,0.06597634868418865
iy ,char,0.06595658672719203
natanggap,word,0.0658977012143831
si seller,word,0.06587249196406661
lya,char,0.06583914835000938
isa kong,word,0.06567984242475197
fam,char,0.0656094678007626
pa ko,word,0.06560196029582509
hawakan,word,0.06553702068774091
gumagana kaso,word,0.06542240230610019
layer,word,0.06540805976272455
nia,char,0.06534793076133681
id ,char,0.06532979595064599
control,word,0.06531008321183704
 qn,char,0.06523520562252591
iba tela,word,0.06516875410222327
ko inorder,word,0.06509607117246378
tv,word,0.06491403819408702
gns,char,0.0649035284685567
working fine,word,0.06489994454430636
zon,char,0.06477850816696658
muna,word,0.06477305365234026
cxa,word,0.06474612013100887
rol,char,0.06470158122278388
oop,char,0.06467373498140967
bigat,word,0.06465000480445375
ndl,char,0.06463603504054179
ni mama,word,0.06457372812653324
sana items,word,0.06456935498284688
sayang maganda,word,0.06453406706031933
first,word,0.06448054184463262
bau,char,0.06443055383220672
odi,char,0.06435588189905629
ox ,char,0.06421920744865367
gdr,char,0.06416110380751305
hor,char,0.06410545421255531
och,char,0.06408681484963667
lip balm,word,0.0638553686660128
awl,char,0.0637859716658244
so excited,word,0.06376930007195715
unw,char,0.06362804431700979
pang mins,word,0.0635189188143344
where,word,0.06345975858475363
dumating saakin,word,0.06345749107610753
oml,char,0.06324229907771184
mabilis mag,word,0.06322943554821948
yna,char,0.06304754825928996
buw,char,0.06293382669946662
zy ,char,0.06290092803997033
tupi,word,0.06289644438302341
 dn,char,0.06282149435243066
sme,char,0.06280061844244285
waiting,word,0.06277118123245215
photo not,word,0.06260658041117605
omm,char,0.06246838765392184
viv,char,0.06222242873384018
sken,word,0.06221200351935835
nyo pa,word,0.06220896029424605
ior,char,0.062197480747994104
sho,char,0.062104156901679954
sya nag,word,0.062075900569283984
base,word,0.06195757641107991
overall ok,word,0.06195652932481083
sna,char,0.06194685532552465
hiu,char,0.061895790141629346
item bago,word,0.061806466315329524
tanggalin,word,0.06169082113465475
sana hindi,word,0.06165936730215296
atk,char,0.06165139686297417
chacharge,word,0.061626376531410856
dif,char,0.061579160718644076
nsc,char,0.06148629954407819
basa,word,0.06148435409216338
lowbat agad,word,0.061465345152782395
msg,char,0.061432199061697494
pare parehas,word,0.061308186489516275
violet,word,0.06128990011940092
ibibigay sayo,word,0.06128101265730521
isu,char,0.0612234853440951
hita,word,0.0611681288247372
ogi,char,0.06116453801329278
di nmn,word,0.061127018838397155
others,word,0.061017005748595386
ssl,char,0.06096028361080809
maka,word,0.06095562699855393
lew,char,0.06093318752066264
party,word,0.060931638488277234
mg ,char,0.06082361563931067
dod,char,0.06080374753633733
pinagbigyan,word,0.06069914448897195
wiw,char,0.060690270551900745
okay nman,word,0.06057941324528943
thy,char,0.06056958387639955
nku,char,0.06056268210500164
nyu,word,0.060543181863433035
green purple,word,0.060322883861699664
hinde,word,0.060297228852157145
bakal,word,0.06017521326078265
may dent,word,0.060085972649385595
di pa,word,0.05999979568829127
gagawin,word,0.059913357698700126
tf ,char,0.05989995045584088
stw,char,0.05979907847367821
maganda color,word,0.059758065535926295
sda,char,0.05972536656719807
ayp,char,0.05970082511176725
liit pala,word,0.05964912453030426
dumating ml,word,0.05963953593687801
 xx,char,0.059538250067947246
grabi,word,0.05941969563744598
ise,char,0.05939583035705558
dve,char,0.059372300584733625
kanya,word,0.05932266311117207
 od,char,0.05925617827921326
 ab,char,0.059240555154806716
maybe,word,0.059229283069467266
panloloko,word,0.059186229764292234
gno,char,0.05912904758232618
haa,char,0.059102075676998524
dumating items,word,0.05902233889228568
 ff,char,0.05901069014042671
two,char,0.05899549496176434
headset,word,0.05895299727408039
rum,char,0.05882821833660405
pakialam,word,0.058723555476747444
mpi,char,0.05871907989698431
vck,char,0.0586544836315863
 fv,char,0.0586544836315863
fvc,char,0.0586544836315863
lmo,char,0.058442043324638766
ko tuloy,word,0.058413936517610066
sinulid,word,0.05838469764193091
satisfied product,word,0.05826016379857774
kulang order,word,0.05822614351492021
 ns,char,0.05816509824630489
isr,char,0.05815769579072661
wns,char,0.05815616366078348
nsu,char,0.058144864974003826
naayos,word,0.0581186117097057
lti,char,0.05808463516137055
miss,word,0.05801812014745836
cul,char,0.05793258861147081
rose gold,word,0.05791950098113341
hype,word,0.05784277575253127
awr,char,0.05783354735746609
loa,char,0.057803120009269876
esc,char,0.05771585323319904
oct,char,0.05770842138286317
 kn,char,0.05765449097085587
yesterday,word,0.057649684869634725
understandable,word,0.05757468456423636
dto,char,0.05749656053760027
camera,word,0.057488232682974184
dr ,char,0.05735395990662702
awf,char,0.057344844628992524
wfu,char,0.057344844628992524
served,word,0.0573197043326559
gray order,word,0.05729172718625308
meh,word,0.057173709992762896
eno,char,0.05716885990741252
pur,char,0.057101925241081986
sno,char,0.05707503418484678
pen,char,0.057058856686231965
inh,char,0.05703987194911365
efr,char,0.05692462451148064
phone holder,word,0.05682704066260639
png,char,0.05673145276817358
emi,char,0.0566848046545704
 av,char,0.056681667959663444
gug,char,0.056618031385716285
many,word,0.05661345008330487
kaya medyo,word,0.056582123576447006
ryo,char,0.05655221602541771
nagsend,word,0.0565380368212063
yr ,char,0.056473170933582444
halatang,word,0.05645526464466139
 nd,char,0.05643065178792168
nilang,word,0.056370354347006144
open ko,word,0.056294534460422076
wls,char,0.056282441055332366
don expect,word,0.05621241487662589
lss,char,0.0562084167748045
ny,word,0.056195373968735224
iew,char,0.056161453598305426
di maayos,word,0.05613305684347921
yes,char,0.05604998248849164
dumating maayos,word,0.05598105991274027
neb,char,0.05596948525175445
 zi,char,0.0559609681343914
mag ship,word,0.055945562493217124
kaya thank,word,0.055914339726666096
manipis sya,word,0.05583141675315643
malambot sya,word,0.055813046608249046
mya,char,0.055797718948294696
alw,char,0.055796503423549346
brief,word,0.05573461130831978
kayu,word,0.055732420657349895
rubber sya,word,0.055669214329100325
different,word,0.05562781146359498
skk,char,0.05561457987701506
nol,char,0.05545052568740727
pink inorder,word,0.05539702074808781
oh,word,0.05538859639303369
hse,char,0.05532453988730803
test,word,0.055322872310934974
arm,char,0.05531633179639271
bsta,word,0.055210082152208566
seller mabait,word,0.05502092066923484
mmu,char,0.05500063686655952
pera nyo,word,0.0549804712413815
body,word,0.054963056830568506
may magagamit,word,0.05489555118134194
igs,char,0.05487889513296761
haw,char,0.05486325209818293
unh,char,0.05484830244153685
kti,char,0.05476563028487753
niy,char,0.054764731048351896
agad kahit,word,0.05467276703497288
low battery,word,0.05465458184787242
orf,char,0.05461543508088008
ko maraming,word,0.05455149048326419
duk,char,0.0545060509786897
xch,char,0.05418298574039419
nhi,char,0.054145731757924136
binayad ko,word,0.054126021188088125
packing,word,0.05411771966679689
lip,word,0.05404387368297349
hem,char,0.05401730467781134
gusto nya,word,0.05400860908295903
 dr,char,0.053975398749142825
ato,char,0.053934772116877853
agr,char,0.053914551787337776
has been,word,0.05391229126883288
rio,char,0.053866057549637844
rey,char,0.05385292725320541
lor,char,0.05380918985022819
 uo,char,0.05371566310774024
pagkabukas ko,word,0.05371430089369488
masira,word,0.0536464032617171
yle,char,0.05364326997635073
gagamit,word,0.0535852802442153
dumating pink,word,0.053546807163210156
nob,char,0.05347736109902652
inf,char,0.053475064809200536
bka,char,0.053469254402599906
beh,char,0.05337892521913867
aug,char,0.053291612251361496
mom,word,0.05327599085485937
pagkabukas,word,0.05324718234102235
oag,char,0.05322948218775536
matagal malowbat,word,0.05322256750372066
grey,word,0.05321995763873517
 uk,char,0.05320981210412438
good packaging,word,0.05319949068195273
rse,char,0.053061665509698396
regalo,word,0.05304153049710579
time buying,word,0.05302390200844774
looking,word,0.05284030321034488
may kulang,word,0.05274534865418449
 cn,char,0.05267679465347231
name,word,0.05266029683956435
return item,word,0.052656547016644
ppe,char,0.052629911773341594
eld,char,0.05258239254582092
tuu,char,0.0525530103639905
shopee,word,0.05250681547686894
get,word,0.05247872156999322
bus,char,0.05245938786023606
neo,char,0.05234053150087275
yuy,char,0.05231624058146104
vde,char,0.05226364797594787
hug,char,0.05224651369258189
improve,word,0.05217360028378732
ayaw nyo,word,0.052022142153179005
price but,word,0.05198976443246849
pag ka,word,0.051965327962968266
 db,char,0.051888663490292815
lih,char,0.051847855573714796
sg ,char,0.05174322244230424
ecc,char,0.051642906094841734
maling item,word,0.051636512504315876
okay narin,word,0.05162041876320295
lips ko,word,0.05154166708074805
jst,char,0.05152876667433297
aln,char,0.051505339093995885
coo,char,0.0514172093657179
dw ,char,0.05139484441767834
 dw,char,0.05139484441767834
bos,char,0.05128708554034979
picturan,word,0.05124817207325422
gbe,char,0.05123444085622608
auc,char,0.05113611686702149
yca,char,0.05105543478616354
size color,word,0.05104389450809954
nag reply,word,0.05102442850896971
good very,word,0.050884780881430274
gun,char,0.050846032462538306
mystery pouch,word,0.05081477834252065
mmy,char,0.05070899921542348
anr,char,0.05064330229634606
fyi,char,0.05052744774845004
ess,char,0.05050889339502287
nakaka dissapoint,word,0.050504668429727576
 iu,char,0.05044705767172595
kuyang nagdeliver,word,0.05043128237626755
eri,char,0.05039065515754583
url,char,0.05031937794407399
going,word,0.050309210772654586
family,word,0.050305100455414094
blue maroon,word,0.05027253027723873
yop,char,0.050198397555361755
nap,char,0.050080052307929224
my,word,0.05001223130357799
foo,char,0.04999660065346478
loy,char,0.04995050715412421
rider salamat,word,0.04987940295755406
les,char,0.049822762345934496
cold,word,0.04978711723547237
new,char,0.04976077087390637
 fe,char,0.04973403494167218
sya dumating,word,0.04956967561583663
nki,char,0.04955944453550804
told,word,0.049498785401152864
kop,char,0.04947199687910194
excited ko,word,0.049469145521764124
tas may,word,0.049413596482516205
ati,char,0.049412411600721115
uer,char,0.0493530234300821
ksw,char,0.04922763497750664
eu ,char,0.04899162518355253
hoh,char,0.04896559307729412
pde,char,0.04893620200961155
bnm,char,0.04891215012037402
am,word,0.04889098102871614
bka,word,0.048831036502944125
vem,char,0.04881755808069825
buhay,word,0.04874230282115579
ngg,char,0.048687577825198065
ju ,char,0.0486443649109932
quality super,word,0.04861944737066909
dee,char,0.04855822178372588
mabilis pa,word,0.04848017366981716
de,word,0.0484619571835375
fo ,char,0.048420448532973115
enx,char,0.048377388250784546
qng,char,0.048375503484140985
hav,char,0.048341605559658225
vol,char,0.04832153373770057
atn,char,0.04816699462605537
refund ko,word,0.048136449297062976
rdr,char,0.04813181101223258
factory,word,0.04807397732797075
urg,char,0.047973573694592445
dpr,char,0.04793733764754079
ndp,char,0.04793733764754079
ko gusto,word,0.047933436932539014
nagagamit,word,0.047884271564091814
qo ,char,0.047855166053557996
hma,char,0.047844433677335756
shm,char,0.047844433677335756
 ji,char,0.04783487434529777
chat ko,word,0.04780071699354216
pasok,word,0.0477651694242278
ava,char,0.04775385938679589
pud,char,0.047750133102347526
bik,char,0.04771742885535835
binalot,word,0.047689591507367055
size binigay,word,0.04762850415119241
ko anak,word,0.047594472220601355
tik,char,0.047509737563045495
fif,char,0.04739581722556311
lace,word,0.047393658318906066
za ,char,0.04732411724492824
available color,word,0.047279170508324427
shipping fee,word,0.047276667766819123
ht ,char,0.047250225897261106
walang plastic,word,0.04717600974340639
bta,char,0.04714365891852113
uhi,char,0.047017890690906755
set,char,0.046859631945089436
appearance,word,0.04679799618482105
wm ,char,0.046740791553669614
afi,char,0.04662963984876798
any,word,0.04662927483575477
 de,char,0.046608799673042156
know if,word,0.04657310821611228
check niyo,word,0.04653328103793122
but you,word,0.046527772645117156
pti,char,0.04651281123796395
halagang pesos,word,0.04642403860484043
aic,char,0.04641977073446255
earpods,word,0.046412556857792726
aia,char,0.04639007104236488
iqu,char,0.04637154548562987
ok its,word,0.04635523668523404
lea,char,0.046302104744851455
lfu,char,0.046299931150687874
cu ,char,0.04627987012200618
respond,word,0.04626139240843321
drr,char,0.04625212370151045
sfu,char,0.04623569232960691
reseller,word,0.046199762273786964
adr,char,0.04614151047426908
mki,char,0.04603791894243857
fad,char,0.045972697760280457
esk,char,0.04591876234866738
lka,char,0.04572883002218954
over all,word,0.045691866768724394
hur,char,0.045649103116237356
ygi,char,0.0456347054538567
lod,char,0.045571426900162346
ttu,char,0.04557011091209722
volume,word,0.04545335633857929
madaling ma,word,0.045448654063910084
mo pa,word,0.04543339188780266
di nagrereply,word,0.04525566945820959
yme,char,0.04523150159171044
new year,word,0.04522824200575118
 cx,char,0.045195539880606185
allowance,word,0.045109675012293154
ky kuya,word,0.045075588798083745
nut,char,0.04504431487859386
dont expect,word,0.04504276115317385
seller delivery,word,0.045028023763604506
icr,char,0.04502323901661556
gii,char,0.044979310020498445
 hr,char,0.04493297558007704
nog,char,0.04487933189202048
gbl,char,0.04487037296838681
mme,char,0.04481934020031328
npa,char,0.04458965623147343
ba ,char,0.04455659680007898
ndt,char,0.044498358994618716
rir,char,0.04436428916170135
ttl,char,0.04434754812561535
igg,char,0.04434025338660319
ige,char,0.04431166240888098
matagalan,word,0.044252266757754476
hr,word,0.044234233527172165
bukod,word,0.044178561530806626
pumunta,word,0.04407756589449338
tps,char,0.04406180675785044
air purifier,word,0.044003941503521916
gco,char,0.04392018969612219
mgc,char,0.04377746265077877
pasabi,word,0.04362712273678018
send pa,word,0.04362540202228834
ld ,char,0.0435945376531589
pse,char,0.043574536528014934
hew,char,0.04350383783262718
tama item,word,0.043431799531563536
sni,char,0.04342281518764767
pouch,word,0.04337359208031765
mabuksan,word,0.04337016691621215
ces,char,0.04335416215685239
kni,char,0.04330766964659705
kse,char,0.043290315671341416
yong kulay,word,0.04323754116752035
 nn,char,0.04314601204482951
kulang pa,word,0.04303106103071283
pat,char,0.043007622695675325
org,char,0.042984035088368025
iup,char,0.042936912470644975
namamatay,word,0.04293499593185026
kayong bibili,word,0.04289683806173078
paf,char,0.04289241419744621
mata ko,word,0.04280812390801778
kts,char,0.04280701676907745
skt,char,0.04280701676907745
daughter,word,0.0426924045620124
gym,char,0.04236699435190873
cxa,char,0.042226425515294576
size inorder,word,0.04222081156555583
xnx,char,0.04220282257867205
oha,char,0.04217401049248545
gof,char,0.04204668956595051
boo,char,0.041893588466306454
power button,word,0.04179813154032718
cem,char,0.041782796262326
ibg,char,0.041727419840232996
kis,char,0.04171509889546028
cko,char,0.04165628931220217
ulu,char,0.04160506069471856
aac,char,0.04158366901704495
nyl,char,0.04151091702611146
were,word,0.04149475078476157
review,word,0.04142460832046297
 ft,char,0.04140088110277634
 js,char,0.0413400332303804
kay kua,word,0.041285815931213145
civ,char,0.04120020474239525
gna,char,0.041194998776961256
glo,char,0.04110413319386012
mng,char,0.04108219059667867
isl,char,0.0409724052322067
nuo,char,0.040846869083844634
yen,char,0.04074100036120044
dti,char,0.040663609494192544
repeat,word,0.04060815213406978
okay lng,word,0.040564887131171554
rechargeable,word,0.04053036775052743
kea,char,0.040489123813148474
gir,char,0.04043646836804189
liv,char,0.04027153964338089
har,char,0.04020382808198966
oid,char,0.04014716723828589
still thank,word,0.04014419451657511
nyo sana,word,0.04013970915575182
pa freebies,word,0.04009322440556923
cac,char,0.04009081632557552
sim card,word,0.04000813071098652
kk ,char,0.03998794456559225
diy,char,0.03993301811147715
rge,char,0.03991042606358447
ffl,char,0.03986674057718283
hro,char,0.039849452887250426
medyo may,word,0.03979959071890257
ram,char,0.03979420579516669
twe,char,0.039791654392721316
meb,char,0.03978386833513958
lumalabas,word,0.039753820282292913
okay packaging,word,0.03964046138167276
cv ,char,0.039519065624044974
upi,char,0.03947683542113821
mlk,char,0.0394225738777442
rap,word,0.03939657748374333
item maayos,word,0.03939326325945391
ewe,char,0.03937417666621981
lp ,char,0.0393102044979992
item kaso,word,0.03925273443486599
zzz,char,0.03922013173158414
ett,char,0.03920468072655267
kro,char,0.03918496661509261
lbi,char,0.03916763068379243
alr,char,0.03911060023058761
owa,char,0.03907941287293649
 r ,char,0.039076449440394304
my ,char,0.03906398110323733
yuk,char,0.039001084091528485
items received,word,0.038938960346614225
napansin ko,word,0.03891514410564386
colored,word,0.03890988384774397
aco,char,0.03887266845684738
ota,char,0.03882640469159654
sos,char,0.03877614989523641
mama,word,0.03877611723203278
nfl,char,0.03873594645585824
yka,char,0.03873097743884934
unfortunately,word,0.038723940494762826
llr,char,0.03869306249561294
ghw,char,0.03864136732809271
mol,char,0.03862307787247059
ae ,char,0.03858971210280728
slipper,word,0.03855902964112021
balik,word,0.03852370615049826
pa ba,word,0.03850213214738793
ppp,char,0.038500583408284376
testing,word,0.0384930347417197
di pwede,word,0.0383896743026082
rpa,char,0.03838416404425417
pa mabilis,word,0.038357432377197964
mem,char,0.03827502604037313
ko daw,word,0.038268815486804456
isip,word,0.038160315607524725
mb ,char,0.03810630723320934
nba,char,0.03803011733607821
art,char,0.03797028165169693
pid,char,0.03793695716634574
imp,char,0.03790240019809226
front,word,0.03789274044373291
kom,char,0.0377431140489588
lobat,word,0.03765599171420245
pip,char,0.03761937806747179
 nv,char,0.03759129093317774
etn,char,0.0375128504068475
omo,char,0.03735528306737986
nas,char,0.03711127717767351
obe,char,0.03709390563926458
als,char,0.036958841501449666
napili,word,0.036952529166084824
ko kasya,word,0.0369316815194258
dnd,char,0.03689510905254049
orm,char,0.036768901733364355
hys,char,0.03675146567145408
order may,word,0.03673409878239037
may pagka,word,0.03667797801601405
bitin,word,0.03667689756770733
wala pa,word,0.03663916678906242
sod,char,0.03661389954098064
nagka,word,0.03652534066189974
nvm,char,0.03649537137069778
vm ,char,0.03649537137069778
oye,char,0.03649130606355285
add one,word,0.036466353072687266
lb ,char,0.036287274768701826
teg,char,0.036190262741928644
ideliver,word,0.036169387212593496
pub,char,0.036144655026071296
 kg,char,0.036105463692878675
ayi,char,0.03609654640777104
size sakto,word,0.0360676141778154
hr ,char,0.03597594444245706
aii,char,0.035877985539200456
nakakadissapoint,word,0.035640703149297626
eav,char,0.03560449224700112
seller shoppee,word,0.03560382535390385
her,word,0.03556891428768052
but overall,word,0.03554931845862578
ua ,char,0.035541591030221496
ein,char,0.03538927569923674
aph,char,0.03533719192660628
kasya sakin,word,0.03529896122459872
bef,char,0.03529529826012027
xin,char,0.03523378400457513
urc,char,0.035171279655454905
ulit oorder,word,0.0350930456170763
time hindi,word,0.035084567008517774
babies,word,0.035003133713436656
gke,char,0.034998667142675806
uri,char,0.03495723137067705
kaso yong,word,0.034951387407854445
hangin lumalabas,word,0.03484646815438814
gri,char,0.034790782046352796
eba,char,0.03467484621080803
md ,char,0.03455556374710955
manipis tela,word,0.03452929242485929
iko,char,0.03436740848566423
order complete,word,0.034235201908271444
ebs,char,0.034170062740678075
lee,char,0.03408322400583995
favorite,word,0.034010891269966904
ruc,char,0.03389735031562818
iay,char,0.03380715617518619
serbisyo,word,0.03375074116439515
lts,char,0.033640262203751756
bumibili,word,0.033608721917386945
gf ,char,0.03354952819605346
taas,word,0.03349689914499633
packaging wala,word,0.03347510248667522
laruan,word,0.03325175003278981
meh,char,0.03319751209902702
uyu,char,0.033151526129016624
iom,char,0.03314901366857546
electric,word,0.03309812341345329
ihh,char,0.033074080981594554
hinintay,word,0.03304019895288248
nsl,char,0.03300727049952578
tumatagal,word,0.03289330258168282
edo,char,0.03284309146624688
mgp,char,0.03283102797682074
an ,char,0.03268888007175414
malaki pa,word,0.03262043974915389
need ko,word,0.03261938851077308
manipis lng,word,0.03261759013394091
kulang items,word,0.03250632039708612
mec,char,0.03244225172743109
mkp,char,0.032440224678036984
gonna,word,0.03227520346693133
xs ,char,0.032217182326352206
teh,char,0.03220649843380862
dli,char,0.032149973958330115
 hd,char,0.03213446644816268
ubm,char,0.03210983562256163
bmi,char,0.03210983562256163
yea,char,0.032026165969259245
size ko,word,0.03202405917847283
av ,char,0.032002458685154715
feet,word,0.03199331685615599
 dt,char,0.03198447835824453
 eg,char,0.031951657629471365
ep ,char,0.03191899619786829
nul,char,0.031913349799924925
hrs,word,0.03191266347862361
balot balot,word,0.03185260421642893
iil,char,0.03184554018043981
plastic,word,0.03178696525072587
sii,char,0.0317784028990094
ead,char,0.03174422070977647
work,word,0.03169986251102888
egn,char,0.031685062357890016
sya sana,word,0.03164916167364858
wim,char,0.031639034052562943
dha,char,0.03163742591519687
 uv,char,0.03162517736590189
 bs,char,0.03161247711044479
tinry ko,word,0.031477365836826844
maganda kulay,word,0.03140747311623888
ganda pa,word,0.03135857946167683
mku,char,0.03132099091911052
axi,char,0.03127641297784304
aiy,char,0.03125974959176859
oof,char,0.031222767081052014
medium size,word,0.031214208880238712
bya,char,0.031208724873177
mss,char,0.031204865839477174
di nasunod,word,0.03117066617859479
liq,char,0.031126716480277455
sana maganda,word,0.031118973900898975
dot,char,0.031097793301158107
wo ,char,0.03108755633552124
nilalagay,word,0.031059786827959946
event,word,0.030971732270802035
ngm,char,0.030947559026973603
message muna,word,0.030915906355883073
 kr,char,0.030877962575321535
size kaso,word,0.030783691470934602
oms,char,0.030744857716015445
literal,word,0.030678259310292826
napo,word,0.030587196948552373
iik,char,0.03053819250118816
real,word,0.030499922182892266
ype,char,0.03049524654014369
tos,char,0.030460675104009457
kpi,char,0.030403899183060662
oorder pa,word,0.030386077160329563
sala,word,0.03033225080122283
nla,char,0.030327888935624773
auu,char,0.03032429779884242
eys,char,0.03027389956103534
duc,char,0.03021979649069624
seller item,word,0.03014734692460304
they will,word,0.030115797863067846
nca,char,0.029853704051113948
oxi,char,0.029805212369293132
aoo,char,0.02980333126795
slo,char,0.02975451479844129
them,word,0.02974819488084957
discount,word,0.02972630938057966
efi,char,0.02964756030206979
ani,char,0.029551130935405377
nlang,word,0.02945394134146114
 or,char,0.02937740981730707
pa kulay,word,0.02934392402139622
dda,char,0.029332402419594162
rsh,char,0.02932982302803705
de ,char,0.02926700881987607
prefer,word,0.0292196412951316
ndu,char,0.029109194178469043
iho,char,0.029098313181485938
cif,char,0.029043626130105502
oq ,char,0.028942717371762388
pob,char,0.02877135515484626
sya ok,word,0.028752145488352764
 ls,char,0.02854060948281041
isang araw,word,0.028282297964049664
eig,char,0.02820814695447943
unu,char,0.028127763267187036
lng sana,word,0.028037694573443957
katulad nung,word,0.02797574950747037
time kong,word,0.027953692959585465
aip,char,0.027953387192699214
fel,char,0.027938556879979138
nqu,char,0.027894169699222055
iro,char,0.027890550746116682
ee ,char,0.027887245122842224
tuy,char,0.02781620828315247
comfy suotin,word,0.027701996362721786
tng,char,0.027656881250163422
cto,char,0.027548344035109966
eke,char,0.027477956009912336
di parin,word,0.0274656498959775
osa,char,0.027298826429991572
ugh,char,0.027293836987912757
pangalawang beses,word,0.02725995277945448
blue order,word,0.027164462421048235
ssf,char,0.027124064286072294
mmi,char,0.02709536347389176
num,char,0.02709199391056848
ghe,char,0.027077787286769617
eli,char,0.02706453514836385
paj,char,0.02697898093948195
 bc,char,0.02680360312032188
indicate,word,0.026794162451272554
tl ,char,0.026771966773623555
sakin di,word,0.02674656793828049
cau,char,0.02665442960408326
my first,word,0.026639981003079582
 by,char,0.02663486698662863
dta,char,0.0266207597626293
lugar,word,0.026467309406687112
suy,char,0.026394596388277385
hed,char,0.0263936969983152
gny,char,0.026305229120616346
zli,char,0.026249109438685272
ded,char,0.026177487385944713
phy,char,0.025978601230447304
ko ganda,word,0.025921899537474775
ko maayos,word,0.025901883698340563
 lg,char,0.025877197525928902
tat,char,0.02583809845613513
medyo di,word,0.025800322465889633
sumunod,word,0.025646200481992086
dpo,char,0.025638207916250978
aat,char,0.02562066767317936
op ,char,0.025610557491191243
so,word,0.025588775479512983
 pf,char,0.025583741238119836
fft,char,0.025583741238119836
pff,char,0.025583741238119836
reg,char,0.025511069262938734
way,word,0.02548945042717607
kaso nga,word,0.02543182513078124
gth,char,0.025412038531119056
they sent,word,0.025404881562392147
tumutunog,word,0.025277964425216605
received ko,word,0.02526875820584901
unavailable,word,0.025245897027909078
 ky,char,0.025112914710115317
 eq,char,0.025108664365183064
order next,word,0.025047548408213452
dalawa pa,word,0.0250285671531187
aircon,word,0.025019239296565163
opp,char,0.024983128974268753
obr,char,0.024867431061801063
uce,char,0.024783741793185158
oa ,char,0.024588776203998693
price salamat,word,0.02446203186451337
again shop,word,0.024441121166304564
bke,char,0.024405951875496778
halata,word,0.0240926209901131
requested,word,0.024055867205026588
uyi,char,0.024011901374529833
ko sira,word,0.023996575799514527
nasunod lahat,word,0.023903397126329468
abs,char,0.023893683330284524
iri,char,0.023823514577249013
inn,char,0.023798742312821614
rdw,char,0.023795098607753216
mun,char,0.023792487228229846
pa pang,word,0.023751787801200568
gsb,char,0.023737538500654003
gsy,char,0.02371056390339676
ect,char,0.02367003368472581
emb,char,0.02364966678325083
 ub,char,0.023620513475519807
rou,char,0.023570733517458035
ter,char,0.023562999866303294
wab,char,0.023520035963321823
unb,char,0.023493007465511282
eks,char,0.023451540270032933
wl ,char,0.02344463017362274
time check,word,0.023431734869451368
apw,char,0.023404798169587633
size ordered,word,0.023375253242952643
matagal mag,word,0.023374899229982992
husband ko,word,0.023337789120134452
amp,char,0.023244912742583255
mura nga,word,0.023197878413105985
len,char,0.023151773031552306
rgo,char,0.023064977754869497
ex ,char,0.02305757490193405
ssg,char,0.02303173045757603
zz ,char,0.023004497363401398
nho,char,0.022998857845989977
ord,char,0.022986176053090335
hindi oil,word,0.022941110076817123
yti,char,0.022895216549249624
kaya stars,word,0.022875966681722662
 c ,char,0.02285614557173958
 hl,char,0.02279393521203149
pareho,word,0.022748072615597893
habang,word,0.02268488538778978
gdd,char,0.0226601003543531
jdn,char,0.022657001062345822
newborn,word,0.022610948564252286
 sg,char,0.022562893208011112
kdi,char,0.02252090358049511
rad,char,0.022509369650201845
napunta,word,0.022444828980878503
hhi,char,0.0224137971466211
napa,word,0.022405420953055245
rte,char,0.022402034192896908
 xp,char,0.02226630598461427
sana okay,word,0.022227018158439544
ily,char,0.02218943851862656
sold out,word,0.02214422297793378
loob,word,0.022139962591571756
excited,word,0.022114127611861156
pc ,char,0.0220869970925274
gmo,char,0.022075076276777916
kol,char,0.02200122602784865
rbe,char,0.021923987793625675
tuc,char,0.02192352765453951
dip,char,0.02188518339909424
 eb,char,0.021880699097448088
dapat pla,word,0.021812287724505622
bago ship,word,0.02180516749581155
ibu,char,0.021799703176699697
sfa,char,0.0217975931962779
reviews,word,0.021772194949941807
cky,char,0.021732138591473108
pg,word,0.02172716131925138
 lo,char,0.02171021039598519
une,char,0.021709606353917207
aap,char,0.021705660529902297
ckk,char,0.021647074749747124
ofe,char,0.02161721128667013
 kc,char,0.021592855271819048
nik,char,0.021523995606199754
ksk,char,0.021517407065301662
ibr,char,0.02140014509677293
di ka,word,0.021376011714321255
dau,char,0.021361304747171662
 us,char,0.021339446590233735
peg,char,0.02131959632462543
 sh,char,0.02126792131983086
check out,word,0.021063827366577446
class,word,0.020992864330570134
wey,char,0.02097759729277095
gbb,char,0.020942877994056426
afu,char,0.020823996379101088
egr,char,0.020823281992143016
kwarto,word,0.02081576765129664
aun,char,0.02075365875431603
hiy,char,0.02071400042006257
vie,char,0.02069739640501717
cub,char,0.02044304222832152
sana ma,word,0.020410404687035925
qka,char,0.020399953977977628
cord,word,0.020366476998254338
wra,char,0.020341256576152576
gry,char,0.020337131748622762
nem,char,0.020266461901556558
bst,char,0.02025301379491929
kaso maliit,word,0.020201470714465687
dse,char,0.02008643962990999
lg,word,0.020047119620532624
aon,char,0.019941994283885593
 ur,char,0.019910645895132494
tape,word,0.01988701413570701
okay dumating,word,0.019879254710179834
br ,char,0.019827663073606817
kua rider,word,0.019796736532491782
oap,char,0.01977637470822385
eag,char,0.019735176432390308
rsp,char,0.019702009120175796
oug,char,0.01955265677715335
pako,word,0.01954550617928506
pakiayos,word,0.0195314316751083
woo,char,0.01952887420510087
sha,word,0.0194921848887447
udi,char,0.019476338461554433
maganda cya,word,0.019396329339127775
alh,char,0.019372493481184652
uk ,char,0.019304400570940898
ips,char,0.01927881301410261
 ze,char,0.01921492599491801
buga hangin,word,0.019125204771240054
ibs,char,0.019092000692561086
fr ,char,0.019068407340529503
gki,char,0.019035214751428126
 vs,char,0.019019115085385885
vs ,char,0.019019115085385885
mumurahin,word,0.018999333035696626
legit seller,word,0.018988907440059682
rle,char,0.01887266633501241
price kaya,word,0.018819916768248658
takip,word,0.018803383463720465
isang oras,word,0.018801946842096198
lu ,char,0.01869166701467
unp,char,0.018691604347474026
cloth,word,0.018539425824281922
uth,char,0.018451819701265054
nsk,char,0.01843878923372375
jac,char,0.018380329786827763
abb,char,0.018354155082698942
magugustuhan,word,0.018323951136771984
seller di,word,0.018275711289908323
nmn sya,word,0.01826505213574801
rih,char,0.018233562317596336
nkita,word,0.018227640548810195
kra,char,0.01819002531070946
niz,char,0.018173325978694897
lng xa,word,0.01808152844474863
marinig,word,0.01807573981403529
husband,word,0.018063989167049207
item working,word,0.017935437270446636
pma,char,0.017843325710733278
iks,char,0.017753152782922492
rek,char,0.01774811096257704
ife,char,0.017736221885662533
yan,word,0.017697666582409774
go,word,0.017636184821573475
ghh,char,0.017632212520607177
kaso medyo,word,0.017592405502381545
bly,char,0.017494686401633913
gel,char,0.01748682769750937
aqo,char,0.0174039661270215
plo,char,0.017388853885609554
kaso black,word,0.01734755596776212
anh,char,0.017305558207062036
kahit hindi,word,0.017289403189824033
gon,char,0.017282619194313207
ane,char,0.01727270534619538
orn,char,0.01722177155585565
db ,char,0.017172526886306244
may crack,word,0.01714336320207787
nln,char,0.01709021267204096
tv ,char,0.017008261489108625
 tv,char,0.017008261489108625
urv,char,0.01696644176031458
bago ma,word,0.016938798803899584
kaya bumili,word,0.01684128986158373
nakakahiya,word,0.01680963526823622
request ko,word,0.016777572629486027
 dd,char,0.016660393417881385
pag open,word,0.01665932391410843
bae,char,0.01656528742357205
qan,char,0.0165585246620113
anp,char,0.01655423017858653
etr,char,0.01654715844328134
biy,char,0.016514482897728167
may mali,word,0.016459697784843283
gak,char,0.016436757807260793
lo ,char,0.016373630375974835
sey,char,0.016363742695597927
quality will,word,0.016355612585074022
shr,char,0.016312446700802632
akf,char,0.01629689270714889
nagmessage,word,0.01629359246142132
raider,word,0.016157813354817627
gre,char,0.016126254086833276
yak,char,0.016079107465741954
ioo,char,0.016066246515895197
arn,char,0.015984509180113345
fet,char,0.015886972554537287
cuz,word,0.01582399182586873
oyi,char,0.01582207417587105
img,char,0.015740145080331783
sie,char,0.01571994879701087
jow,char,0.015668340578914634
crack,word,0.015611289811322152
cet,char,0.0156025553081864
tii,char,0.015597516419043512
sana maayos,word,0.015535138684950326
eep,char,0.015508905506929262
assemble,word,0.015487936036005817
lic,char,0.015475201058612092
cooler,word,0.015465344910452754
miy,char,0.015427418051802077
ckg,char,0.015386505933762
 gm,char,0.015338022388833375
good medyo,word,0.015337186682886441
amin,word,0.015326953969715671
ko naging,word,0.015293217786940861
ag,word,0.015244487578164653
panregalo,word,0.015146611843542006
rch,char,0.015127195328904832
if you,word,0.01501254648114763
uv light,word,0.014983533812149431
 qa,char,0.014979996470511719
yah,char,0.014971829386434576
dog,word,0.014970539118877675
okk,char,0.014933646327734133
mother ko,word,0.01492505201285225
inr,char,0.014922349688239
rgy,char,0.01490553051418534
eem,char,0.014879491312892889
kaya ok,word,0.014858907684177072
gn ,char,0.014836566608524684
sp ,char,0.014722908966380283
shopee kuya,word,0.014720730293931106
sek,char,0.014698312685311903
hid,char,0.014641381032955226
pra,char,0.014590550508187451
via,word,0.014565956134463928
tapos nag,word,0.014549382937233162
hindi nya,word,0.014509646081606037
nakalagay description,word,0.014477817640296564
cal,char,0.014471906427133452
sounds,word,0.01445306056961227
ade,char,0.014421901654240989
kesa,word,0.014416170197371445
lem,char,0.014391952694046584
bubble rap,word,0.014300678679702273
aou,char,0.014296290122958294
 gp,char,0.014291069094701275
gps,char,0.014291069094701275
aik,char,0.014273476073093965
kasing,word,0.01415227195977645
ipu,char,0.014091092352981864
pua,char,0.014084065958411723
mks,char,0.014048609427475801
seller next,word,0.013880346189352341
subrang ganda,word,0.013856795685334244
kem,char,0.013822308586352337
eph,char,0.013807116454552319
essential oil,word,0.013788602168146598
toh,char,0.013720880530559146
matagal shipping,word,0.013711271258320558
fra,char,0.013650713902995451
kok,char,0.013632356854046998
mtu,char,0.013617638152722
pa maayos,word,0.013576808805107476
mop,char,0.013562208793794115
diko pa,word,0.013511169489203105
amoy plastic,word,0.01347352895353465
rfl,char,0.013385247227882865
orw,char,0.013370251090108512
 kz,char,0.01335720127453897
nxa,char,0.013301473402612814
nanaman,word,0.013202859913265046
ldi,char,0.013169729908383207
aur,char,0.013118219315146062
friend ko,word,0.013116015677111577
tapang,word,0.013088946602893933
maq,char,0.013085814634494363
smo,char,0.013079940595526227
blue dumating,word,0.013051316018163235
mas okay,word,0.013034208370388198
fes,char,0.013007918659785534
wrap item,word,0.013007706334847774
eip,char,0.012976994005287993
nna,char,0.01294491110838014
super bango,word,0.012891199774755105
sex,char,0.012845692198598886
dumating white,word,0.012744043253251406
pants,word,0.01271313230210975
inl,char,0.012635216889395024
yha,char,0.012586265909002704
kic,char,0.012516095930879372
oad,char,0.0124897812401552
 om,char,0.012476609163526657
buti nlng,word,0.012437596233681292
wrong product,word,0.012393370917190043
yuh,char,0.012381619307130345
nra,char,0.012377290396578474
sjj,char,0.01237237184487381
jjs,char,0.01237237184487381
idl,char,0.01236911399436858
nss,char,0.012306010933517242
quality but,word,0.012303247410538613
tinanggal,word,0.012300896226678949
 it,char,0.01202679969048246
naf,char,0.011988555079506953
sinubukan,word,0.011930784956451055
cci,char,0.011839515788663133
tablet,word,0.011813261292813968
bir,char,0.011761254371529271
bakit ganun,word,0.011674474076201412
qua,char,0.01165582842383925
efo,char,0.011649640169201685
ji ,char,0.011584480286391375
moj,char,0.011584480286391375
order un,word,0.011517293203148815
wit,char,0.011421077340618655
rim,char,0.01139695579755411
kly,char,0.011332216107155993
magandang,word,0.011240950275502036
natural,word,0.01120242177449765
gis,char,0.011077686427305389
 oh,char,0.011076777265335628
ics,char,0.01107292910031998
nya nagustuhan,word,0.010985054075630288
mini,word,0.01094843449346228
ybe,char,0.010923328357400777
efl,char,0.010897088614587613
very much,word,0.010881167878929777
pus,char,0.010858719899814415
 og,char,0.010832466227901436
goi,char,0.010826114293224987
reu,char,0.010784829379511437
but hindi,word,0.010747518206243362
lop,char,0.010705070850820132
 lt,char,0.010700938973634274
 oa,char,0.010528420217382713
aus,char,0.010442562073120675
agi,char,0.010356805025295476
leb,char,0.0102891455859859
syn,char,0.010220036865182757
 qs,char,0.010075960918263335
 yr,char,0.010042589513199895
brn,char,0.009982322522498756
specially,word,0.009961163004803179
rva,char,0.009922443766881131
ws ,char,0.009776464548233272
 pt,char,0.009769581593227898
check,word,0.009685280208371833
arl,char,0.009656178133648838
wbo,char,0.009643237139545898
ewb,char,0.009643237139545898
yyy,char,0.009552518369161328
advice,word,0.009538485776823319
order nalang,word,0.009506063374040771
mdl,char,0.009494649235808034
sulit pera,word,0.00948734157726708
kelangan ko,word,0.009317587957068815
guess,word,0.009273607286927856
worth wait,word,0.009225265643844042
dgi,char,0.009197324127745172
uy ,char,0.00915482958601724
bebe,word,0.009149144749930851
oww,char,0.009121351280777238
agd,char,0.008967198812147248
icl,char,0.008925282914329527
kinda disappointed,word,0.008890724139447206
ol ,char,0.00888795485265118
 za,char,0.008881780523363851
elc,char,0.008867531149677426
niq,char,0.008834832138195456
uen,char,0.008817607744141105
 sb,char,0.008817151571229481
follow up,word,0.008776284430454447
nman lahat,word,0.008765580716724983
seller good,word,0.008736575941542897
myg,char,0.008712969455566145
bigla,word,0.008698728165867703
suh,char,0.00858740257908503
inw,char,0.008573098473432954
tye,char,0.008491252159743886
gu ,char,0.008388212450554277
rye,char,0.008381756852067487
kou,char,0.008358967707648593
pack,word,0.008353168951883788
nme,char,0.008332141920862518
item mabilis,word,0.008160633371320227
ddr,char,0.00814308396362688
able,word,0.008111291875032785
dulo,word,0.008099699159706125
ofi,char,0.008075238780574544
cy ,char,0.008047166710064297
opy,char,0.008033309727547835
eds,char,0.008017029224066136
ibe,char,0.00801030270947054
kih,char,0.008004049890894803
aqn,char,0.007961570104140307
alam kong,word,0.0079306476484167
gpu,char,0.007923355039012378
walang hangin,word,0.007897324550611541
nayupi,word,0.007871577522134864
gcc,char,0.007819023144858614
rli,char,0.0077988142117281
phone,word,0.00767424599076848
dds,char,0.007649699716983028
worth pesos,word,0.007512683555978016
ko tas,word,0.007496734891886478
teb,char,0.0074862013162112235
kinuha ko,word,0.0074641983412830305
erk,char,0.0074100801563753696
gku,char,0.007372799318791761
rwa,char,0.007339351991076587
 yt,char,0.007271935740853739
pwa,char,0.0072289383262952485
seller bago,word,0.007203918228671294
hh ,char,0.006912211031823417
future,word,0.006850655475563636
qu ,char,0.006847500058221634
sel,char,0.0067381259598120295
nmn kaso,word,0.006737433970251867
color inorder,word,0.006620082583736622
but think,word,0.006593592888270138
occ,char,0.006583651246253767
uo ,char,0.006581902824569492
cov,char,0.006511739984452585
 wg,char,0.006508895118274734
product nyo,word,0.006488030153800907
sobrang mura,word,0.006400234041479381
uon,char,0.00638897447638498
 mr,char,0.006359660073447668
walng,word,0.006267990594745122
hl ,char,0.006254339815485462
dhl,char,0.006254339815485462
fit,word,0.006207415616734605
card,word,0.0061834047483211585
pa item,word,0.006123780598106968
unan,word,0.006066802277362614
ltr,char,0.0060652521445062465
don have,word,0.006024911596152752
inj,char,0.005987743482841203
waa,char,0.00598648069888323
ate,word,0.005975403521412383
menu,word,0.005973695673331655
wlang,word,0.0059719650582525435
jol,char,0.0059405744801394825
gig,char,0.005924856848220516
wala manlang,word,0.005834847730490894
tita,word,0.005812172834787359
sso,char,0.005713232209208883
dikit,word,0.00570439220817159
nny,char,0.0056995632910900595
so happy,word,0.005674238115969134
rly,char,0.005672461321818926
good hindi,word,0.0056649734538034135
ayd,char,0.005630228221746667
parin sya,word,0.005616900956567478
izz,char,0.005600533057804578
rubber,word,0.005527273761926097
hrs,char,0.00550102650186682
dol,char,0.005496393730495836
uus,char,0.005495442576643026
isa lng,word,0.005470001872272239
sau,char,0.005449167817976702
lau,char,0.005319184383746004
dak,char,0.0053111385885076644
tga,char,0.005218625838829434
rns,char,0.005181392429779716
lib,char,0.0051782821497855045
jud,char,0.005162869868232768
 er,char,0.005087144409586678
jun,char,0.005046301199450541
lc ,char,0.004994644700461459
not even,word,0.004979064254716639
coa,char,0.004891781941547048
less,word,0.004759203222477869
item kaya,word,0.004740474109554334
ngs,char,0.004709045736871917
pep,char,0.00459201130076819
gpo,char,0.004588801209059763
karton,word,0.004571925338157243
pa hindi,word,0.004557319372074137
ega,char,0.004392568823132576
magorder,word,0.004360061305644502
iba pic,word,0.004339412940050058
gdt,char,0.004304395232762136
ksm,char,0.004283602548008889
salamat shoppee,word,0.0042568036039339705
koh,word,0.0041806383981680744
gau,char,0.0041734919624651185
eye,word,0.004133805021460784
naka,word,0.004085376254738987
sira nung,word,0.004071482464722976
jam,char,0.004064861060833603
dami ko,word,0.004055953238601102
 ne,char,0.0040364995113724225
qo,word,0.004009859681347871
lahat inorder,word,0.003953373393997298
nau,char,0.003949393721202518
kte,char,0.003946540404389381
st,word,0.003930163137858618
smaller,word,0.003927247167306336
itk,char,0.003901400845873508
nle,char,0.0038937372780074495
gfl,char,0.003867588095083509
oay,char,0.0038668782480780067
spr,char,0.0038122636657012916
maaga,word,0.0038118633548546977
nga nag,word,0.0037382491581507173
 oo,char,0.003690155139125505
arrived,word,0.00365052873884761
se ,char,0.003634682209925852
lnq,char,0.0035520549349911
ayus,word,0.0035443137327974684
uir,char,0.0035419005141636146
rtu,char,0.0034844318281935516
cop,char,0.0034517195802151817
everyone,word,0.0034447085740883982
gfi,char,0.0034141083509669034
kona,word,0.0031771379544027
uz ,char,0.0031268753949383926
mil,char,0.003109771913907702
sana nextime,word,0.0030800156948309434
pl ,char,0.0030478796145468248
ocs,char,0.00303934301359922
das,char,0.0029988594132139557
dih,char,0.0029967763025684174
wi ,char,0.002957864543225404
yua,char,0.0029445781521147017
pis,char,0.002928625921861665
qsa,char,0.0028647792926010255
edb,char,0.0028618220236679257
onh,char,0.002842316379666283
may pag,word,0.0027958678720207404
office,word,0.0027577981818260604
friendly staff,word,0.002741603123756717
bye,char,0.002601931106293615
sty,char,0.002572211243876364
sli,char,0.002499412077237159
ssc,char,0.002493131204443642
those,word,0.0024496480149166317
ii ,char,0.002413633561376673
re,word,0.002373341137121963
nice packaging,word,0.0022696809894845876
ucc,char,0.002187844719171921
sana quality,word,0.002143223466030954
vra,char,0.0021373979272036035
ovr,char,0.0021373979272036035
sov,char,0.0021373979272036035
ww ,char,0.002132115417057002
excite,word,0.0020829941683110764
eex,char,0.002072615008919636
 ww,char,0.0020707048728946
di available,word,0.0020166120717502196
hna,char,0.0019561550874242183
ode,char,0.0018623269707585103
akin,word,0.0018175965418431874
omp,char,0.0017794528617304775
ski,char,0.0017676386503701624
nag oorder,word,0.0017529450796389243
lke,char,0.0017460323616475906
good not,word,0.0017087564017497386
may allowance,word,0.0016993188635198607
nung dumating,word,0.0016228116371804456
mib,char,0.0015666322933131063
shop di,word,0.001550516793347063
oorder,word,0.001526744975489226
 gs,char,0.00147940930439877
tud,char,0.0014496801766432192
xpi,char,0.0014454475952126468
 hh,char,0.0013945265855667822
ish,char,0.0013795114556864156
wig,char,0.0013075835670337084
size kinuha,word,0.0012132821332735846
ata,word,0.0011883294610153083
iye,char,0.0010991165055639338
piy,char,0.0010991165055639338
ryw,char,0.0010836241588760855
osk,char,0.0010565845321314385
ganda packaging,word,0.001054273030900841
lkt,char,0.0009174707390301486
kub,char,0.0008670491097063404
noise,word,0.0008602768478682345
aal,char,0.0007122465061962483
dbo,char,0.000646568449014805
kuko,word,0.0005743541137548605
dob,char,0.0005666893728286398
sou,char,0.0005208363214643625
rua,char,0.0005206326847144293
pen,word,0.0005182096231489378
phi,char,0.0004232065533276684
liit sizes,word,0.00039229871465600356
seller more,word,0.0003538121424381704
worth buy,word,0.0002883360241670179
edg,char,0.0002560751806492727
lr ,char,0.00023535102220472137
grb,char,4.771715238102412e-05
pra,word,2.654912812145464e-05
shop seller,word,-5.162980381852123e-05
aor,char,-6.975481032623428e-05
iak,char,-0.00010136365325465893
happy purchase,word,-0.00010178344599725566
ksh,char,-0.00011736905559407357
maf,char,-0.0001299554182289504
yga,char,-0.0003429087709809423
mong,word,-0.00042036235957481
sya parang,word,-0.0005301716570090146
khn,char,-0.0005569016758619014
gli,char,-0.0006256775596960398
pag order,word,-0.000654968381233816
nwa,char,-0.0007306986270432471
fie,char,-0.0008274407789617797
ooo,char,-0.0008637394485264862
ilang araw,word,-0.0010564533935003128
uv ,char,-0.0010590349573817964
cp,word,-0.0010862097446859486
keg,char,-0.001122449497495305
kaso pag,word,-0.0011808566313473452
bhi,char,-0.0012777337219749612
bibili ulit,word,-0.0013472146165486114
lng dumating,word,-0.001426738474013444
sana pala,word,-0.0015033992292933225
gue,char,-0.0016192875559955366
vee,char,-0.0016239728657707732
what get,word,-0.0016429927745098389
cie,char,-0.0017256048406541354
ko will,word,-0.0017629796173137095
accurate,word,-0.001840077999276595
bii,char,-0.0018655687201512166
tali,word,-0.0018818660319701148
gim,char,-0.0019130060477786951
ldr,char,-0.0019390786983482912
cea,char,-0.0020537846235194035
dss,char,-0.0020543118256220387
ofy,char,-0.0020594022357947055
si kuya,word,-0.002240768966090231
isb,char,-0.0022547836319980925
sne,char,-0.0022903767188435314
baba,word,-0.0023602007639760224
wg ,char,-0.0023757305009814013
tsi,char,-0.002452779527742133
masasayang,word,-0.0024973814276508088
will use,word,-0.0025371410424398287
lki,char,-0.0025558300647346866
ur ,char,-0.002605389132037654
eey,char,-0.002612950020943742
nha,char,-0.0027038926414365994
ggy,char,-0.0027046830962350154
hindi ata,word,-0.00273567383732307
lla,char,-0.0027449446394376886
tna,char,-0.002776624817498185
ymu,char,-0.002842705433886116
edit ko,word,-0.0029015235568133
nasunod color,word,-0.0029068040805543655
ilb,char,-0.0029260895072689584
looks,word,-0.003007744440744514
bgl,char,-0.003028231323673664
gie,char,-0.0030700913590061525
cak,char,-0.003164223935696837
sha,char,-0.0031843542373072025
ubos,word,-0.0031938307239216417
oer,char,-0.0032095068823611685
uoe,char,-0.0032095068823611685
kulay black,word,-0.00323140243526236
dumating sobrang,word,-0.0032411729555363827
recomended,word,-0.0033309701785651405
sih,char,-0.003353854203646983
abd,char,-0.00347173603198159
wno,char,-0.003527001209119116
your shop,word,-0.0036418195747959584
hat,char,-0.0036435421757097294
pinag,word,-0.00364541862694153
mri,char,-0.0036611429303955996
ngr,char,-0.003699027124684839
ehw,char,-0.0037134032078735466
 dm,char,-0.003902133596385949
lng nmn,word,-0.003965957717429402
otp,char,-0.004105502116948692
ksi,word,-0.00417874602660648
ulit salamat,word,-0.004226322947339889
faded,word,-0.004229274607700631
 oc,char,-0.0042315488706830716
ulam,word,-0.004234468729457567
ywh,char,-0.004241400809551277
eeo,char,-0.004302993484633914
edd,char,-0.004311610431083325
gcu,char,-0.004321311841237862
woh,char,-0.004352297791118363
in ,char,-0.004354769124907702
onp,char,-0.004474529009451305
onw,char,-0.004496809865070446
seller may,word,-0.0045169486288303
sesend,word,-0.004554383049148296
gi ,char,-0.004667872420614207
sent me,word,-0.004738499977765592
sunod,word,-0.004739044326628289
ozy,char,-0.004763548390465963
but they,word,-0.004804760275877278
very accomodating,word,-0.004854517915340209
binigay ni,word,-0.004909964788711593
big,word,-0.0049475952753117065
mabait si,word,-0.00497999051142407
lagyan,word,-0.004985351178877476
avoid,word,-0.005012761594017694
tau,char,-0.005087260319767358
ult,char,-0.005105680743323116
wew,char,-0.005132477830290809
mge,char,-0.0051412442623419066
looks like,word,-0.005161180590426376
nga may,word,-0.005163080410026546
dalhin,word,-0.005173351141524725
upu,char,-0.0051881471642816115
yi ,char,-0.005221456296399063
nnm,char,-0.005263415173363002
ntm,char,-0.005299773273688953
qpa,char,-0.005319499642258937
ept,char,-0.005332492499318732
may sira,word,-0.005441344131465013
cream,word,-0.0054442711613285006
ko green,word,-0.0054849818766904935
check nyo,word,-0.005555576135838756
paa ko,word,-0.005584940713385541
meg,char,-0.005587517801678703
ayan,word,-0.005620976103733225
pera sana,word,-0.005636216968726153
sge,char,-0.005644562874413338
ims,char,-0.005646817600462272
order inyo,word,-0.005660453756144836
like thank,word,-0.005697640027111851
ka pa,word,-0.0057005492178999004
bey,char,-0.005881291012902726
ahn,char,-0.005886946785056681
seg,char,-0.005925475912401255
lil,char,-0.0059931971984866555
fyy,char,-0.006049164565186873
suu,char,-0.006118009021065394
yeh,char,-0.006137371940924751
jsj,char,-0.0061821212557499625
ibo,char,-0.006344406604490063
bba,char,-0.0063622036778142495
its quality,word,-0.006362445679693753
seller kulang,word,-0.006364812954095886
siguro dahil,word,-0.006415045404016559
sts,char,-0.00642752353487369
laf,char,-0.006429866800877537
uulitin salamat,word,-0.006521188069524185
oji,char,-0.006526275691745422
bsa,char,-0.006539254188807054
complete no,word,-0.006542883416114679
ktu,char,-0.0065516894842703585
mj ,char,-0.006632083040406291
kinda,word,-0.006632269834776937
tja,char,-0.0066359085810565
 tj,char,-0.0066359085810565
sya gumagana,word,-0.006641685781897675
second order,word,-0.006654221665994892
ain,char,-0.006711979906860788
tqu,char,-0.006743962797431015
udp,char,-0.006781358084169689
kaso mali,word,-0.006800758660060931
quality salamat,word,-0.006811041592308455
ha ,char,-0.006811680123265157
pambata,word,-0.006873883832889525
 ig,char,-0.006900184614837125
wil,char,-0.006953693088497947
je ,char,-0.006974913250064706
lahat thank,word,-0.0069900496358020715
pik,char,-0.007021320913258922
ksj,char,-0.0070334908274355965
dhl,word,-0.00711832402104712
chn,char,-0.007172609218776639
 kp,char,-0.0071936023274144405
recommend product,word,-0.007219242284089864
tila,word,-0.007255088284641357
sira hindi,word,-0.007296217517254039
ddt,char,-0.007362512023633299
ija,char,-0.007382293676175917
ko lahat,word,-0.007403511656330561
amk,char,-0.00746041810176231
rider keep,word,-0.007460511518504199
buy here,word,-0.007477372207415525
fully,word,-0.00748463245570677
hindi basag,word,-0.00749809453898677
dalawang order,word,-0.007518100735326671
tinanggal ko,word,-0.007579423487575902
fts,char,-0.00770086725321387
tqn,char,-0.0077090076483156385
iso,char,-0.007712740769673214
saya,word,-0.0077262051111239415
ni kuya,word,-0.0077295804345430055
jak,char,-0.0077636887229252105
love thank,word,-0.007786129461164526
wise,word,-0.007798374871056611
duty,word,-0.007807469410468495
htn,char,-0.007870644404972881
ath,char,-0.007877721683458874
click,word,-0.00788315973431526
eou,char,-0.007915043965066863
you ok,word,-0.007926731050737627
uuc,char,-0.007946719185688685
helpful,word,-0.008025346183827695
mbr,char,-0.008041873944171999
bha,char,-0.008116724113853375
 oz,char,-0.008143261781540297
oat,char,-0.008205527303913234
avail,word,-0.008236778981523956
atleast,word,-0.008285291543786752
charged,word,-0.008337056618436527
guw,char,-0.008430107651355266
wia,char,-0.008430107651355266
dns,char,-0.008456821414212898
maroon dumating,word,-0.008537362349999564
agv,char,-0.008564370331460845
uulitin thank,word,-0.008606538061993619
linaw,word,-0.00861749574497153
jsh,char,-0.008656527430999433
afr,char,-0.008826832239223828
ccu,char,-0.00884443620525847
akr,char,-0.00893795994308231
ulit shop,word,-0.008952066660661551
htw,char,-0.008976343555718443
black white,word,-0.009000734977448022
js ,char,-0.00900488144342316
alv,char,-0.009032342644465787
again again,word,-0.009045033086837349
matibay thank,word,-0.009078540801438193
nung unang,word,-0.009115764875742418
xxl,char,-0.00914590279838467
hac,char,-0.009232972616491272
masakit,word,-0.009317244025654679
speaker,word,-0.009369491595054418
shopee will,word,-0.009402815493382198
fda,char,-0.009488971561635959
osp,char,-0.009498378558346518
madali malobat,word,-0.009536601407870752
mo talaga,word,-0.009551848623333997
ard,char,-0.009620286273409641
kahit isang,word,-0.009631415225916231
elm,char,-0.009656640757587317
eda,char,-0.009724242384603881
nsj,char,-0.009771945670086608
ayt,char,-0.009847302741203467
next order,word,-0.009882174652040745
seh,char,-0.009923049624724792
enu,char,-0.009923779987760332
eyy,char,-0.009924274718485436
jsk,char,-0.009953283657457788
gsn,char,-0.00995371560084678
lips,word,-0.009976790626865233
etb,char,-0.009995879186564628
urb,char,-0.010019857875838804
uba,char,-0.010044922682131129
dumating salamat,word,-0.010049991088594078
gip,char,-0.010095082575998095
ouv,char,-0.010168793290617602
uve,char,-0.010168793290617602
boh,char,-0.010191964247564182
pfu,char,-0.01026981711407509
lpf,char,-0.01026981711407509
ko color,word,-0.010332888647234285
pli,char,-0.01033392384892249
amoy cloud,word,-0.010354101967551734
lda,char,-0.010369422372487253
shop toh,word,-0.010401136817844922
klu,char,-0.010419930973791533
koa,char,-0.010466443300897858
ky,word,-0.010486297335512842
lun,char,-0.010502169022022036
maganda sakto,word,-0.010514184829062441
fut,char,-0.010607592911183633
nd,word,-0.010628263966242358
sad say,word,-0.010728661732634794
earlier than,word,-0.010772178618103393
shipping thank,word,-0.010789868679555765
ano nasa,word,-0.01086077945175065
stay safe,word,-0.010913800039397854
iph,char,-0.010917846140851502
afl,char,-0.010933363615314596
gla,char,-0.010958465126571056
bgy,char,-0.010967780636068585
ganda bilis,word,-0.010968345688245982
kpa,char,-0.010978279319560188
ume,char,-0.011047509926222773
eeg,char,-0.011056351393307412
liner,word,-0.011181058703132152
yma,char,-0.011208300072743359
swe,char,-0.01126223899282335
icf,char,-0.011301350202690085
cfa,char,-0.011301350202690085
excellent thank,word,-0.011305928098375103
py ,char,-0.011370684539669607
 oj,char,-0.011382832437286966
nfo,char,-0.011416516786173236
rke,char,-0.01149100994884617
aau,char,-0.011591610965481343
ach,char,-0.01161443915813656
row,char,-0.011634939637778138
sya sulit,word,-0.011635767625524467
iba color,word,-0.011672223005367943
blue pink,word,-0.011718851130358685
mdj,char,-0.011754938909500991
customer here,word,-0.011793009002215844
pea,char,-0.011808393409266905
quality ganda,word,-0.011857324955960834
aja,char,-0.011863021826143075
nasunod,word,-0.011927389046759024
iad,char,-0.012009681578702155
uwu,char,-0.012048033036703596
wu ,char,-0.012048033036703596
kaj,char,-0.012060173508201743
bras,word,-0.012108338779139916
seller maayos,word,-0.012121190291829266
hez,char,-0.012300714513773181
hk ,char,-0.012322902517452775
friends,word,-0.012429556270505139
ganda sulit,word,-0.01243399091510407
faf,char,-0.012455191527575774
bb ,char,-0.012479658493721945
see through,word,-0.012516284544078767
fu ,char,-0.012524937940650372
fragile,word,-0.012544444998551651
 nx,char,-0.012574222882732576
yed,char,-0.012628603872879802
 ec,char,-0.012670865961454923
per,char,-0.012709110578893535
brush,word,-0.012718106553655352
his,char,-0.01276216390679898
ayu,char,-0.012782384813732008
 ek,char,-0.012790358338713156
seller sent,word,-0.01281719570194169
cch,char,-0.012817553566641476
jng,char,-0.012845937380506245
ngh,char,-0.012850691818948988
mabait rider,word,-0.0128588490277868
ko kulang,word,-0.012917682757271657
lahat salamat,word,-0.012970392796864943
than,word,-0.013012008855253165
maliit pa,word,-0.013023874037195904
isc,char,-0.013060786903547669
walang pang,word,-0.013062712220410682
oou,char,-0.013111036268298066
soon thank,word,-0.013128867758247478
good work,word,-0.013140106934662334
ship out,word,-0.013183220866001228
complete good,word,-0.0131947536337603
no choice,word,-0.013230096950162471
nsn,char,-0.013240240032813358
uln,char,-0.01324521078793476
nak,char,-0.013293384474626295
rym,char,-0.013305031825991534
halos,word,-0.0133446326730702
kwa,char,-0.013357639441429342
seller sobrang,word,-0.013365717184763386
rot,char,-0.013481762758348734
bumili ulit,word,-0.013644143466426324
gop,char,-0.013654707833056888
 sk,char,-0.013896802326006708
come,word,-0.013922940709006182
completely,word,-0.013937157009860954
shopee salamat,word,-0.014019468219297952
nagustuhan kapatid,word,-0.014021581862863128
eng,char,-0.01406227250849822
seller highly,word,-0.014078811195796763
ja ,char,-0.014092437236307195
asc,char,-0.01410396391819897
sya nagustuhan,word,-0.014149328565931688
jav,char,-0.01417159265134703
 kb,char,-0.014218017036577867
stt,char,-0.01422623554704074
jaj,char,-0.014230238095411202
dumating tapos,word,-0.014245560848831712
yoo,char,-0.01427124140152661
lat,char,-0.014403730757853324
auw,char,-0.014428734039417595
nci,char,-0.014461630304228089
ilu,char,-0.014496074411006777
sana bago,word,-0.014515484086571113
nkz,char,-0.014609715806775933
mle,char,-0.014664775572743012
act,char,-0.0146856057061447
hdh,char,-0.014695942790305516
nuu,char,-0.014766939079525662
ges,char,-0.014960033450899926
up good,word,-0.014976210343288747
definitely will,word,-0.014987142650464191
rve,char,-0.014997943256037056
mli,char,-0.015001181242280474
 zo,char,-0.015029867015522844
win,char,-0.015061516429345815
magaganda lahat,word,-0.015104693981733381
ayc,char,-0.015128198403229303
kut,char,-0.015174010353463748
naipadala,word,-0.015193393558352416
lol,word,-0.015289155646008072
adjust,word,-0.015290896400237973
considering,word,-0.015316421340221775
shoppee,word,-0.015324131462775087
care,word,-0.015382454980872545
eyo,char,-0.015423942762508793
sah,char,-0.015474627752553176
seller thanks,word,-0.015475823117127063
een,char,-0.015480170878899358
seller dahil,word,-0.015535555253461664
ued,char,-0.015562438671451148
edr,char,-0.01558710262622781
ftf,char,-0.015594444531617064
beg,char,-0.01572699995087999
 sv,char,-0.015783623452855597
vhi,char,-0.015783623452855597
svh,char,-0.015783623452855597
nice thank,word,-0.015786715953770628
damage thank,word,-0.01581664067341298
kki,char,-0.01583471688159124
pindutin,word,-0.015835716896026454
baby girl,word,-0.01585249508509374
heavy,word,-0.015882718449126327
tow,char,-0.015893362545169317
ats,char,-0.015968628168339574
ayb,char,-0.015976195729747275
bilis deliver,word,-0.016028861503139112
nakacharge,word,-0.01610894141454689
omu,char,-0.016154586337849563
mabilis malobat,word,-0.016178340090885736
sjd,char,-0.016200964654459242
fg ,char,-0.016208366875493416
ddo,char,-0.016236005681260886
 cp,char,-0.016248106575810353
lec,char,-0.016250424385326853
same price,word,-0.01632123314695807
ik ,char,-0.016417809255515687
eev,char,-0.016434953629108535
nek,char,-0.01646922571130519
pa pag,word,-0.016535316108975674
super love,word,-0.016536617093777038
matanggal,word,-0.01660272081920937
second purchase,word,-0.016618892730230712
kahon,word,-0.016739424661763543
 je,char,-0.01674961677870665
mwe,char,-0.01686450227652683
weh,char,-0.01686450227652683
ko bakit,word,-0.016890735381412607
good seller,word,-0.01689274412813552
pagbibigyan,word,-0.016902551877746697
djs,char,-0.016948819149854633
 ug,char,-0.01696152958601637
enr,char,-0.016965041103132832
ahw,char,-0.016970873301669222
pa isang,word,-0.017030781378710804
lel,char,-0.0170440249850249
salamat ulit,word,-0.01704529685850334
quality hindi,word,-0.017056394313869277
avo,char,-0.017092775636163897
magagamit pa,word,-0.017128707766085792
bna,char,-0.017135838753089563
kno,char,-0.01719552564202091
jah,char,-0.01721946523816048
star sana,word,-0.017270046029598324
 yi,char,-0.017271900541713715
rea,char,-0.017294844621292736
 ik,char,-0.01730309119232653
my orders,word,-0.017330977431805596
tee,char,-0.017347500516981664
icu,char,-0.017368466881685862
aum,char,-0.017399572208501884
agm,char,-0.01743965845729065
lng price,word,-0.01744813771747291
gut,char,-0.01748157862821379
pgb,char,-0.01748378492501744
bago ipack,word,-0.017524941632785774
lambot paa,word,-0.017534813969445236
kudos seller,word,-0.017542155549690176
det,char,-0.01755159040494678
eyp,char,-0.017580498632063832
gamitan,word,-0.017594739332332802
mo sya,word,-0.017637064169850333
iaa,char,-0.01764248856129004
sarap paa,word,-0.017677651571680063
sba,char,-0.01768269288943108
ata,char,-0.01774162797859643
bub,char,-0.01776706723388825
ko yrs,word,-0.017804632423433563
tab,char,-0.017810842861506925
hndi ko,word,-0.01782899253851839
bao,char,-0.017939085961410823
hck,char,-0.017976097948137256
ax ,char,-0.018040500351500868
maliit sizing,word,-0.018083350584355434
good thanks,word,-0.018092433041010582
kuya nagdeliver,word,-0.01811911711840725
atm,char,-0.018166110336398346
wala talaga,word,-0.018169312655823645
gid,char,-0.018198748285138698
ahs,char,-0.018224312769993287
llc,char,-0.0182845191907
 ln,char,-0.01835251115620746
oyy,char,-0.01836168540364069
nya sana,word,-0.018372008993135593
sen,char,-0.018387648471940896
dsh,char,-0.018417645681563975
elo,char,-0.018432783208710054
time ulit,word,-0.0184403036257489
dg ,char,-0.018443588559761945
 pd,char,-0.018460694799292944
eto,char,-0.018481149865323804
kaagad,word,-0.018485977876674397
 mw,char,-0.01850200693374232
quality thank,word,-0.01854290607060025
nice nice,word,-0.018547846493464106
kob,char,-0.018612513377232208
maliit nga,word,-0.01866005946252857
sq ,char,-0.018676317975915322
packaging kaya,word,-0.018705705929003086
lng size,word,-0.018752093264720937
you thank,word,-0.018764644383779415
pue,char,-0.018794611075551103
rso,char,-0.018805690727700785
bago ipa,word,-0.01882586938973247
bl ,char,-0.018864261065655766
seller worth,word,-0.018900858334972123
cuz,char,-0.018905404919192778
eet,char,-0.018922644539664156
imo,char,-0.01893113927872325
umandar,word,-0.018934756140462996
fits,word,-0.018939417237230572
seller complete,word,-0.018996100435355896
mahigit,word,-0.01901873027344443
till,word,-0.019090815767345934
sandal,word,-0.01924753866994382
dumating ordered,word,-0.019249224796904673
kahapon,word,-0.019267222671194826
planning,word,-0.019282087570911485
isp,char,-0.019459270693564786
nag rereply,word,-0.01948951695821914
delivery thank,word,-0.01955617243543747
ohh,char,-0.019588941695820334
 en,char,-0.019594803314857325
nice super,word,-0.019645284349854332
hda,char,-0.01967431878284337
xi ,char,-0.019702848769934965
ganda laki,word,-0.019742366294356665
panahon,word,-0.01975275414732827
jul,char,-0.019780616419155173
uly,char,-0.019780616419155173
nareceive ko,word,-0.01978074078357543
ale,char,-0.019802280785992454
nya di,word,-0.01980249043816699
 nb,char,-0.019874531627915363
umabot,word,-0.019927998503465487
ganda color,word,-0.01995394066407667
kos,char,-0.01997106675772358
you god,word,-0.019975920337567395
mtn,char,-0.020017814930401178
sakto paa,word,-0.020038546348337797
nakakaloka,word,-0.02004979291554035
said,word,-0.02006879203213683
ko complete,word,-0.020093198912729683
hehehehe,word,-0.020093789293255806
pati kay,word,-0.02009390467105667
obi,char,-0.0201035971653608
nxt,char,-0.020124756256707864
 sj,char,-0.02012548632196962
expect,word,-0.02014607861576116
cot,char,-0.020165664829599052
poy,char,-0.020178969541685042
lmt,char,-0.02021744949018399
 tw,char,-0.020218614641792098
panaman,word,-0.020288652434953917
restaurant,word,-0.020300992072674377
tev,char,-0.020340973281850094
kch,char,-0.020386409625157406
magtagal thank,word,-0.020394882882799427
msa,char,-0.020416851402333357
los,char,-0.02044127384410562
quality so,word,-0.02048750612314596
bumalik,word,-0.020505829163741898
ib ,char,-0.020505931679786066
ank,word,-0.020545051089144475
heb,char,-0.020559399932199008
wallpaper,word,-0.020567279453907447
di man,word,-0.020599093407936805
seller definitely,word,-0.020614036400293606
size kaya,word,-0.020631217335358294
nae,char,-0.020647270433297206
good day,word,-0.02074171188550626
rny,char,-0.02080523937412839
rif,char,-0.020809026207473737
 dj,char,-0.020873340817365058
odl,char,-0.020913606748583693
like color,word,-0.02106630524641012
 vg,char,-0.02119815449420056
hii,char,-0.021205885497696378
kong kulay,word,-0.02122492724877757
ko all,word,-0.021273692671552484
beses,word,-0.02136225499220559
its cheap,word,-0.021369881332849342
mii,char,-0.0214600269696964
condition maganda,word,-0.021465078199352627
brown,word,-0.0214853979869034
ken,char,-0.021520760523659047
may parang,word,-0.02153158359976805
cok,char,-0.021536625546951536
rru,char,-0.021551290423516774
thank thank,word,-0.021628187847616564
ganda sobrang,word,-0.021648542038725686
bat ganon,word,-0.021663333246878674
gsi,char,-0.02167110258709017
accept,word,-0.021706201581967788
medyo hindi,word,-0.02171017095033661
nid,char,-0.021736749576346373
size ganda,word,-0.021866267170546294
susunod ulit,word,-0.021890748852891495
uob,char,-0.02191872261664654
luo,char,-0.02191872261664654
dirty white,word,-0.021944228171094475
yan sana,word,-0.02196448074610926
mpa,char,-0.021994640396068778
ny ,char,-0.02203523430253232
nagustuhan ni,word,-0.022072347518623782
kulay nung,word,-0.022099207980249114
wak,char,-0.022110020183349774
complete item,word,-0.022153314606267533
order salamat,word,-0.02220414495239812
seller super,word,-0.022219365489450946
lumabas,word,-0.022219403275013948
nfm,char,-0.022260787710203744
nla,word,-0.02246706890319872
sj ,char,-0.022473070729822183
early,word,-0.02260962356033286
 uw,char,-0.0226602565739243
vi ,char,-0.02267835851659804
asl,char,-0.02270853084046331
ko xl,word,-0.02271631797747531
uua,char,-0.02277182954193563
shipping salamat,word,-0.022788021092478287
super nagustuhan,word,-0.02279610540426137
very very,word,-0.02280208099036147
instruction,word,-0.022827830634909466
gmu,char,-0.022860435656893375
hwh,char,-0.022893330792100604
goods goods,word,-0.022919751250217186
 yy,char,-0.02295732108897158
ulitin,word,-0.023003027487310344
bev,char,-0.023115164662566925
nry,char,-0.02314991894112532
uwi,char,-0.023224255409434083
choose,word,-0.023273729170331842
yok,char,-0.02328097469963859
utl,char,-0.023322449700892287
pa shipping,word,-0.023467074736504792
lightweight,word,-0.023521022668435494
npo,char,-0.023697073201943253
mukha namang,word,-0.02374915018204328
ryy,char,-0.02384160416073455
you ganda,word,-0.023865195918662548
again god,word,-0.023867179574281545
 lp,char,-0.023931245047452556
dhd,char,-0.023946252012127675
ebd,char,-0.023946252012127675
pa kaya,word,-0.02396851824717313
sira di,word,-0.023982898491716226
bra,char,-0.024076436952627955
direct,word,-0.02407682199884176
far ok,word,-0.024117583407268568
sandals,word,-0.0241368286796355
assorted,word,-0.024150087946353926
least,word,-0.02415157721513449
isq,char,-0.024177140873219597
thw,char,-0.024247961561844496
iww,char,-0.0242578396712252
pes,char,-0.024263477259842035
you shop,word,-0.024291867715944184
ohi,char,-0.02436428299457706
nea,char,-0.02439695625045039
rdl,char,-0.024411913771134802
kumain,word,-0.0245755169997153
dre,char,-0.024605433963558982
buong,word,-0.02462024530661504
mali size,word,-0.024625967861899925
noi,char,-0.024642310979581524
you shoppe,word,-0.024668027409234575
cin,char,-0.024669342680974364
you maganda,word,-0.024728674914815448
jej,char,-0.02474160772103115
you very,word,-0.024772763414754283
hio,char,-0.024775643250504246
nos,char,-0.024827458105537225
dumating color,word,-0.024842862113464547
iln,char,-0.02489609739767359
 tg,char,-0.024939404647764854
ganda cute,word,-0.024959115613996493
 w ,char,-0.024960366378718166
tuloy,word,-0.02500008987509989
nep,char,-0.025012900985814306
nga lng,word,-0.025027640555248983
kua,char,-0.025086153460068126
ias,char,-0.025095361909304222
mura thank,word,-0.02512252019355294
wkw,char,-0.02514142976402905
xjd,char,-0.025150678379299348
very comfortable,word,-0.02518569938570375
sya okay,word,-0.025212731009972577
lng talaga,word,-0.025215476305566843
yrs old,word,-0.025216350131614038
bilis malowbat,word,-0.025229345980315215
xxl,word,-0.025239627933948194
gov,char,-0.025248120977874638
 pg,char,-0.025358032126590227
 ph,char,-0.025403405931093786
npi,char,-0.025407197227619333
super liit,word,-0.025410015925649055
buy,word,-0.02542037100576113
sakto akin,word,-0.025449156230726553
cer,char,-0.02547995678305944
tong shop,word,-0.0255681071072938
rb ,char,-0.02557291990561338
ggl,char,-0.02565983952596409
mouse,word,-0.02571586177769947
buu,char,-0.025796539991382143
sns,char,-0.025802634228543692
price medyo,word,-0.025903121410521906
vat,char,-0.025926644184436968
delivery man,word,-0.025983987358167048
size paa,word,-0.026003781883085855
oan,char,-0.02609283124347963
super satisfied,word,-0.0261327856481858
oir,char,-0.026182730227238046
von,char,-0.026212658095469472
ntn,char,-0.02624374971833523
 fu,char,-0.0262849521816098
nri,char,-0.026459833926690497
sy ,char,-0.02646194240362983
kle,char,-0.026522730560975916
gsto,word,-0.026593079780236468
nlu,char,-0.026599703123813663
pera mo,word,-0.026612080375692487
days after,word,-0.026619519863056558
manual,word,-0.026680293446187466
ganda kulay,word,-0.02671940303652431
thank so,word,-0.026763781679342537
yrs,word,-0.026773699311776547
bso,char,-0.026801932382728898
color but,word,-0.02682570219035697
eer,char,-0.026850445509503048
kaso nung,word,-0.026879418346008238
wax,char,-0.026931721556611044
khit,word,-0.026945976500248815
chh,char,-0.027047101702459782
bili ko,word,-0.027099650477414847
msh,char,-0.02712319157733789
ghs,char,-0.02715752872451077
seller nagdeliver,word,-0.027187709993494298
salamat marami,word,-0.027235992849206733
may isa,word,-0.02725306645671631
irn,char,-0.027261089887209895
dia,char,-0.027271290817199395
ganda ganda,word,-0.027384744178052943
hre,char,-0.027437890112421037
bar,char,-0.02745746346036842
iw ,char,-0.02769461033872504
het,char,-0.02773194037769388
picture bago,word,-0.027787471363817016
wah,char,-0.02784128065725047
binayaran,word,-0.027871532782195285
phe,char,-0.027873744842429556
manipis pala,word,-0.027878628770115283
quantity,word,-0.027893286949779706
super fast,word,-0.02790233392131821
nya kaya,word,-0.027916479977110904
kan,char,-0.027928735394449768
may dents,word,-0.027975255692632348
poa,char,-0.028040829470118663
cyc,char,-0.028077323443522727
ycl,char,-0.028077323443522727
wrap pa,word,-0.028098296122396872
kgs,char,-0.028105247570060873
 iv,char,-0.02817286214558313
rik,char,-0.028199935888581426
kopa,word,-0.028210575691762003
okay thank,word,-0.028228414643681664
good product,word,-0.02830071108201079
htl,char,-0.028309832716316093
kasama,word,-0.028358650330461088
doble,word,-0.028388715775850067
anx,char,-0.028448331902406723
gee,char,-0.028550641084356974
vit,char,-0.028597140913007517
ika,char,-0.028715404423418505
 uh,char,-0.028756988861080832
uhm,char,-0.028756988861080832
ssm,char,-0.02881370912613076
cum,char,-0.02886878694854813
yat,char,-0.028928634282160384
rdb,char,-0.028993557598589053
 nc,char,-0.029001382926599782
hindi tuloy,word,-0.029035760770943223
tsinelas,word,-0.029081530842723434
nsf,char,-0.029089751802695286
sfe,char,-0.029089751802695286
 lh,char,-0.02909313852017398
xci,char,-0.02914026511855437
apaka,word,-0.029165308358120565
uid,char,-0.029231360307881715
 du,char,-0.029232630308641577
explain,word,-0.029257142251298565
amd,char,-0.029316017414234914
tne,char,-0.029382856535048064
gave me,word,-0.02938783833343265
leeg,word,-0.029416675056840546
sakto sya,word,-0.029427363774810478
arr,char,-0.029457181726860765
ko binigay,word,-0.02946433231419727
parcel,word,-0.029735492147461344
 mg,char,-0.029757895524194673
hindi tulad,word,-0.02976653391632355
egg,char,-0.02981063423644204
pwede pang,word,-0.0298363786991343
bsh,char,-0.029852737053410242
wad,char,-0.02985566867599903
purple blue,word,-0.030031277580589617
di agad,word,-0.03008867828678515
color kaso,word,-0.03011253799370246
kss,char,-0.030127302677223154
ganda shoes,word,-0.030181249864884845
ury,char,-0.030196663083781362
ulit thank,word,-0.030201262839498
years old,word,-0.03023904881249683
bq ,char,-0.030293562704890094
bbq,char,-0.030293562704890094
ampanget,word,-0.030436088103595514
tama lng,word,-0.030459458961455646
cla,word,-0.030481529454849207
ggo,char,-0.030511902291241177
medjo,word,-0.030533998519389823
 tk,char,-0.030572451772137757
pinadala seller,word,-0.030599843149651296
llh,char,-0.030646026212066475
maglagay,word,-0.03070510341945972
quality order,word,-0.03075438380502009
isa pa,word,-0.030849363829336427
wic,char,-0.030877216861475956
of ,char,-0.030912921130057502
sya malaki,word,-0.030930862017286623
items order,word,-0.03095608711768105
deserve star,word,-0.030962833779363895
salamat rider,word,-0.031004624416484508
soup,word,-0.031011317834616428
bro,char,-0.031038515372867056
essential,word,-0.031101167036594324
lma,char,-0.03113614051091552
lng,char,-0.031175967774054132
maganda lahat,word,-0.031224963148920235
gle,char,-0.031235007439778625
lahat,word,-0.031237403043530898
nbi,char,-0.03126157150257318
ganda thank,word,-0.03126339322155178
sob,char,-0.03131859091160812
obviously,word,-0.031339414678492
sakto dating,word,-0.0314439112315393
sik,char,-0.03144991183470904
arrived good,word,-0.03147527975094067
my baby,word,-0.03148996130877974
aex,char,-0.03153972366456536
ebr,char,-0.03155352424880832
beb,char,-0.03158939682626586
dex,char,-0.031599193686034505
kaso lng,word,-0.03160117699862148
ulit soon,word,-0.03161229005055518
 li,char,-0.03162549894440394
hyd,char,-0.03166815930689212
ydr,char,-0.03166815930689212
bwa,char,-0.031700477605082815
mgi,char,-0.03170147091256086
definitely buy,word,-0.03171062513021974
zed,char,-0.03179060566875595
ko maliit,word,-0.03181038484475719
 iw,char,-0.031847215409983476
kay kuyang,word,-0.031936505824084485
ked,char,-0.03196615985989057
mtg,char,-0.03197509975490684
muw,char,-0.031983865087789595
eps,char,-0.03202402671218922
maikli,word,-0.03208616445496351
ko kahit,word,-0.0321450963240875
dumating thank,word,-0.03226522627658515
ka kapal,word,-0.03226909463688425
tbi,char,-0.03227080168420119
price will,word,-0.032300128482414474
gsp,char,-0.032302082052757225
ewh,char,-0.03235980387537398
mew,char,-0.03235980387537398
till next,word,-0.03243637971712104
pa thank,word,-0.03248406798246197
ybi,char,-0.032495551990535165
medyo masikip,word,-0.032697694301374806
supper,word,-0.03271072391745106
mm ,char,-0.03275944005052321
wav,char,-0.03279702444547606
andito,word,-0.032818342422439827
nmn cya,word,-0.03284684062667495
gah,char,-0.032922930939297726
kaso wla,word,-0.03296405287208238
tyl,char,-0.03297429306057755
maganda nagustuhan,word,-0.03299211396694206
 uy,char,-0.032998244707645466
seller ok,word,-0.033013904468196076
dph,char,-0.033077396326894645
adp,char,-0.033077396326894645
xit,char,-0.03308591363905029
buc,char,-0.03308808206341868
may punit,word,-0.03309082551076416
sales come,word,-0.033090832864565066
seller nagustuhan,word,-0.033197779585196485
st time,word,-0.033325243864397856
both,word,-0.03343283345876475
mau,char,-0.033439475631957954
pu ,char,-0.033462596827159116
recieved,word,-0.03352333819008469
tko,char,-0.033586074026625154
price maganda,word,-0.03360201496313714
order ulet,word,-0.03363473599611504
hindi naka,word,-0.03366872810154087
jdj,char,-0.03376166893769533
mpt,char,-0.0337622095628002
hni,char,-0.033772233518340314
talaga thank,word,-0.03379019882131285
kne,char,-0.03379192194008563
hth,char,-0.033814974511997886
touch,word,-0.03381551606292291
nue,char,-0.03383426842041813
ffy,char,-0.03386078607327983
luf,char,-0.03386078607327983
acl,char,-0.03387771305092544
tinry,word,-0.033992186706253945
llo,char,-0.034053363996052126
hek,char,-0.0341384119829795
wireless,word,-0.03415007423677096
 py,char,-0.03417823954356236
keu,char,-0.03419901996763855
sticky,word,-0.03420804009076216
cnx,char,-0.03426945255434338
pcn,char,-0.03426945255434338
what see,word,-0.03428144717016418
nnk,char,-0.034304865641966005
gbo,char,-0.03430668582604365
salamat talaga,word,-0.03434802089651669
bless you,word,-0.034364524714576974
legit legit,word,-0.034492026081981694
damage item,word,-0.03450426699261401
koy,char,-0.03453955080335085
pdn,char,-0.034603725436890984
display,word,-0.03460594730174671
mgt,char,-0.034678071580602966
ih ,char,-0.03474650608287119
iet,char,-0.03475714325134521
selling,word,-0.034776333797061895
tanga,word,-0.03487739739473422
apn,char,-0.034880977358103644
psi,char,-0.03490383301985321
maganda tignan,word,-0.03496533250579342
iv ,char,-0.03499004395151388
nagulat,word,-0.0351545445754311
keypad,word,-0.035197024811975786
irr,char,-0.03519910995961383
iz ,char,-0.035213263473999126
nakakalungkot,word,-0.03527507463058076
cht,char,-0.03527600110430727
asking,word,-0.03528940123864321
maganda xia,word,-0.035309712489594205
pic vid,word,-0.03533608336774886
ppi,char,-0.03534632382686407
xah,char,-0.035361631276400206
good buy,word,-0.03552604446762558
lax,char,-0.03558332702571922
keb,char,-0.03565981655013438
owo,char,-0.035692617133216926
utt,char,-0.03582445626532027
seller ayaw,word,-0.03585071360400403
lyy,char,-0.0358607617021364
xma,char,-0.03590080855314424
hindi nasunod,word,-0.03594418623091682
rtn,char,-0.035961262271793075
lgy,char,-0.03602331862847874
toy,char,-0.036046723721213224
rate,word,-0.0360987428967649
ica,char,-0.03613721091577899
vin,char,-0.03614874065497173
bov,char,-0.036152894584695505
kundi,word,-0.03620827950033743
rider kahit,word,-0.036325578486919405
dumating saken,word,-0.036334227877686295
nga,char,-0.036336359607453995
shopee thank,word,-0.03636729859583267
years,word,-0.03637085466570905
fis,char,-0.03641061785188445
sjs,char,-0.036422460464338266
immediately will,word,-0.03643860328609464
oll,char,-0.03650607600933286
kam,char,-0.03652705516962763
thankyou so,word,-0.036650769235614236
kog,char,-0.036675802633488096
rre,char,-0.03667700687016532
tea,char,-0.03670936652939899
mejo malaki,word,-0.03673828755406163
damit,word,-0.03676755169274264
if may,word,-0.0368022489479455
msi,char,-0.03693096387955048
ulit susunod,word,-0.03699427887896514
wne,char,-0.03700151442040334
mix,char,-0.03703855762792569
etc,word,-0.037059728497998254
good goods,word,-0.037066831644605315
shop ganda,word,-0.03708468779509219
lhi,char,-0.03709141272181703
khi,char,-0.03710995554718703
azi,char,-0.03732870841527603
loi,char,-0.03734568802860112
vs,word,-0.03739372525997353
lls,char,-0.03739428009634069
ekl,char,-0.037438105062816515
next tym,word,-0.03744060858700228
condition well,word,-0.03750518087125699
cev,char,-0.037588116727217534
you need,word,-0.03759956127721935
rty,char,-0.03760704217351109
nako,word,-0.0376254831376297
shoppee seller,word,-0.03770779193144095
kab,char,-0.037746812224577
yfr,char,-0.03782328244601724
shop thank,word,-0.037850788810955896
triny ko,word,-0.03789829482004989
pru,char,-0.03791372191266136
quality check,word,-0.03797432302016404
lid,char,-0.03802595137034439
fits me,word,-0.03804000328019574
naideliver,word,-0.03812699406143081
color ordered,word,-0.03813614135409788
kib,char,-0.03815384487340288
ibang kulay,word,-0.038192014398777015
while,word,-0.038195964297630794
rak,char,-0.03819676050945301
dde,char,-0.0382813291867711
 ri,char,-0.0383045773981473
bwh,char,-0.03831554935781156
damage may,word,-0.038339377203573916
ofc,char,-0.038385776007759984
dent,word,-0.038415412073381616
does not,word,-0.03843436177573186
lng,word,-0.03844114790530522
blr,char,-0.03844344224777596
walk,word,-0.03845294409721997
obv,char,-0.038484450471906864
bvi,char,-0.038484450471906864
sya pag,word,-0.038498047618493875
good super,word,-0.038556085734195694
pha,char,-0.038613792935119656
 ao,char,-0.03863639645253693
btl,char,-0.038673748170928564
luv,char,-0.03871174366128608
giv,char,-0.03874110395736523
roi,char,-0.038759816439107295
clearly,word,-0.0388847233987389
oga,char,-0.038994575106576945
ite,char,-0.03902413461950349
yata,word,-0.0390764677442152
pvc,char,-0.0390841728976415
vc ,char,-0.0390841728976415
 pv,char,-0.0390841728976415
oyf,char,-0.03915285231896712
malinaw,word,-0.03916459839739306
has,word,-0.03917474101505571
same pa,word,-0.03923111864626929
katagal,word,-0.03924376974353458
kwi,char,-0.039354682757826
hndi sya,word,-0.03939665765827305
ugo,char,-0.039444548165436806
mas malaki,word,-0.039474954735124614
yub,char,-0.03954279057863957
ch ,char,-0.03967640012585973
after ilang,word,-0.039676884917342316
kahit di,word,-0.03967692898251659
kaso sobrang,word,-0.03977471296276831
wri,char,-0.03979384144111671
lvr,char,-0.03984833169802705
dlv,char,-0.03984833169802705
lakad,word,-0.039876215451407813
tuwa,word,-0.039881439810118394
my parcel,word,-0.03991945692346938
uts,char,-0.039981308789218364
ez ,char,-0.040023856079352355
order good,word,-0.040189219747534165
ora,char,-0.04023619469814268
bis,char,-0.04028923644267881
medyo maliit,word,-0.0403027678593608
open,word,-0.04039845457171362
nyo di,word,-0.040398693787639224
eja,char,-0.04042224981433838
loo,char,-0.0404389356468326
rd,word,-0.04050691436364675
iship out,word,-0.0405077998595967
du ,char,-0.04054513487814266
adv,char,-0.040589283361735055
boyfriend,word,-0.04060121965765094
motivational,word,-0.040657472190538925
but product,word,-0.04067967243724946
asn,char,-0.04071685067299205
flu,char,-0.040753380650819473
hhe,char,-0.04081184181385677
quality medyo,word,-0.04082371840219579
erg,char,-0.04086848153100229
rhi,char,-0.04087042444952575
kong nabili,word,-0.04089472210509342
nua,char,-0.04093194900227148
puk,char,-0.04095089950952513
will definitely,word,-0.040991628141146555
maj,char,-0.04100363748856283
aqu,char,-0.04100837275191688
tama nmn,word,-0.04104242561071049
mac,char,-0.041083937631600745
par,char,-0.041101564574415675
item shipped,word,-0.041131671740309836
sakin order,word,-0.04115066007119472
ziplock,word,-0.0412396688270258
buyer here,word,-0.04125131413460946
ko yan,word,-0.041290223017819205
kua,word,-0.0413560496820783
liliit,word,-0.041424197661285446
yeb,char,-0.041427540582357106
ouc,char,-0.04145767904446361
nag pm,word,-0.04148767398536167
idy,char,-0.04153673104542254
kme,char,-0.041561492491154074
aub,char,-0.04168485868097038
hiw,char,-0.041710209249301806
imc,char,-0.04187812690248584
negative,word,-0.04190901617873322
gumagana nmn,word,-0.042042236439363695
ari,word,-0.04205945787743309
tsh,char,-0.04207951286428577
dumating maganda,word,-0.042182565365341505
bew,char,-0.042260974079088076
makikita,word,-0.042325832919274484
hnt,char,-0.042453249010174415
tyaka,word,-0.04246967354256013
mom,char,-0.04247786775870745
worth its,word,-0.04247861671431929
rtm,char,-0.04249406534644668
ebe,char,-0.04252107576320081
vo ,char,-0.042544406704506106
amoy nya,word,-0.04256215502371593
dea,char,-0.04259901589359395
good good,word,-0.04263909333768688
sana pag,word,-0.042772815212217465
utd,char,-0.04279908142351554
teo,char,-0.042825150407015976
tu ,char,-0.042891715902382464
iab,char,-0.04297547495491195
shopee kay,word,-0.04302684126414091
gumamit,word,-0.043052227253783305
ko parcel,word,-0.04313405453323532
osu,char,-0.04313901757055222
umuulan,word,-0.0431779285681849
ko mouse,word,-0.04319917068157592
gul,char,-0.04322408056276148
nextime,word,-0.04322878502376756
seller uulitin,word,-0.04323959094802559
eru,char,-0.04329909693922759
madali syang,word,-0.04338936656125082
udo,char,-0.04340410516078144
post,word,-0.0434106888655486
atl,char,-0.04345779046433559
youu,word,-0.04351816336597876
thank youu,word,-0.04351816336597876
pag gamit,word,-0.04360763472005405
sakto sakin,word,-0.04362806736276063
night,word,-0.04364542945456608
rco,char,-0.043686156520413404
emp,char,-0.043823491061998426
lst,char,-0.0438711586500114
quality okay,word,-0.043950240130225054
swa,char,-0.04398939067478539
rcl,char,-0.044010681238398304
ntr,char,-0.04409526980269265
ctu,char,-0.04413395540781105
bic,char,-0.04413967884292884
mo di,word,-0.044177542171324344
djo,char,-0.044185431437676004
lto,char,-0.04421937856146534
you shoppee,word,-0.04423692713805269
gby,char,-0.04439834091102976
ugb,char,-0.04439834091102976
kasyang kasya,word,-0.04441846342905298
agh,char,-0.04460637977804815
items thank,word,-0.04475354741565079
gandaaaa,word,-0.04476632599225893
em ,char,-0.04477677555919615
yrs,char,-0.044798821628609695
aen,char,-0.044839534600543234
masakit paa,word,-0.044909739451475215
product quality,word,-0.04495656411682306
awo,char,-0.04498795588245533
sulit talaga,word,-0.045012135676982465
el ,char,-0.04506085578577766
aml,char,-0.04508966335139728
my damage,word,-0.04509991475548986
tapos wala,word,-0.04510239211753535
uku,char,-0.04511337661177847
lyo,char,-0.04528115261583641
its ok,word,-0.0453078768866718
muy,char,-0.04536484072956844
charge ko,word,-0.045381467670768234
ko inexpect,word,-0.045403806973248105
bek,char,-0.04541030070019629
next,word,-0.04544006275051844
ko matagal,word,-0.04544526843863155
mbu,char,-0.04548731383014647
sana kahit,word,-0.04549302916557563
bbi,char,-0.04552136025212065
rei,char,-0.04566077318920748
exy,char,-0.04577852682306733
bet ko,word,-0.04582374320988236
pang matagalan,word,-0.04589498975147142
malaking size,word,-0.04591237726872628
pcs order,word,-0.045922384436923536
ate ko,word,-0.045965389267580654
twi,char,-0.045986010976756794
law,char,-0.04601838336765201
definitely order,word,-0.04606256108860029
mai,char,-0.04607975959350999
bby,char,-0.04608064025259022
bse,char,-0.04618046263630248
col,char,-0.04618692285384078
time mas,word,-0.04618767598408008
kil,char,-0.046192276776992246
hch,char,-0.04627915838480223
fur,word,-0.046338655300906695
month,word,-0.046384576223806075
aed,char,-0.04643580378208204
luk,char,-0.04651248126090131
lbe,char,-0.0465210660467923
walang reply,word,-0.04661588930190644
comfortable wear,word,-0.04661814181400932
shops,word,-0.04665347844808091
zeu,char,-0.046653897919415946
opa,char,-0.04677020167829807
uwe,char,-0.046837123576384074
nakailang,word,-0.04684347939427078
nw ,char,-0.04686389603314983
palagi,word,-0.04689471302995183
ganda lahat,word,-0.04695981545927398
akong masabi,word,-0.04697055866247901
pagkakapack,word,-0.046970930875981684
kav,char,-0.04709012956030229
whe,char,-0.04713368751057355
walang bubble,word,-0.0471515913530947
kip,char,-0.047163967377427056
gg ,char,-0.04717595071131856
ulk,char,-0.047187564769297474
pwede sya,word,-0.047306455255944374
mud,char,-0.04731530084325494
inopen,word,-0.047418092701206574
exa,char,-0.047483532976576065
sya di,word,-0.04756358477651351
pa ni,word,-0.04757006134196378
tme,char,-0.047627460833718
tpi,char,-0.04776133079640422
itp,char,-0.04776133079640422
tyi,char,-0.0477848470734732
 lq,char,-0.04786685007910649
xpl,char,-0.04791304473897306
ko expect,word,-0.04792876310021121
iou,char,-0.04795367863459307
xah,word,-0.048092412524118375
ganda mura,word,-0.04833840585948435
idi,char,-0.04838361952368439
uwa,char,-0.04839682071667539
lng nman,word,-0.048442603044148616
ele,char,-0.04844735766427229
mre,char,-0.04852445283834101
ko eh,word,-0.048563827397114755
print,word,-0.04857004325201494
ko nabili,word,-0.04860341836258578
kfa,char,-0.048604920319728004
pamangkin ko,word,-0.04865120776521702
exited,word,-0.048651768804551805
tama order,word,-0.048705540154892854
agy,char,-0.04871134080966557
tul,char,-0.04879199839741718
no damages,word,-0.048878104289210134
ok sya,word,-0.048880733010417246
lky,char,-0.048978355781503884
atc,char,-0.04902826312378648
ok lahat,word,-0.04904346126393963
twice,word,-0.049085024624984104
matagal nga,word,-0.04917610725920929
ganda items,word,-0.04926180339337704
seller godbless,word,-0.0493175516470018
blk,char,-0.04935281394611118
ko medyo,word,-0.049581720048561144
mba,char,-0.049585316635496236
sapatos,word,-0.04962057237865202
spl,char,-0.049627990598959136
fc ,char,-0.04964516178484397
ydo,char,-0.04971097311752257
syd,char,-0.04971097311752257
cir,char,-0.049779331082420455
amount,word,-0.049914192769916925
ion,char,-0.0499908087205725
deliver thank,word,-0.05000595669042698
tun,char,-0.05001125114941335
rui,char,-0.05002225217125242
ura,char,-0.05006125838543725
maganda parin,word,-0.05016624073745199
surely order,word,-0.05021859265213333
loe,char,-0.050326059338633364
sya nung,word,-0.05038137742903095
need pa,word,-0.050430353847190794
again thank,word,-0.05048403204092889
fan,char,-0.05049933234933437
height,word,-0.05052757305984064
dumi,word,-0.050553822193365246
talaga will,word,-0.05055866508515138
ejj,char,-0.050578644406435155
dep,char,-0.05060676556567186
gol,char,-0.05060988571213458
amt,char,-0.050630807457749005
 tu,char,-0.0508024316672743
maganda maayos,word,-0.05089057328594122
anw,char,-0.05091019909969049
right,word,-0.05092655329107827
order uli,word,-0.050991273827954375
heavy duty,word,-0.051025230921981815
delivery time,word,-0.05108947795669878
bait ni,word,-0.05109012237525821
freebies,word,-0.051096434903568445
sakto baby,word,-0.05109744171693353
ko bet,word,-0.05113336247301294
kuyang rider,word,-0.051176891895695645
wom,char,-0.051267114885334406
kyl,char,-0.051335558398783135
who,char,-0.051356554865912306
sabog,word,-0.051360169118715895
buble,word,-0.0513949074207156
vor,char,-0.0516824126727789
usm,char,-0.05173369273793652
silang,word,-0.05178641227459219
item tapos,word,-0.0517966708353519
ko okay,word,-0.05183676142812895
concern ko,word,-0.05185041922784424
imi,char,-0.051875413145318405
order thank,word,-0.05188195486672022
good thank,word,-0.05191756551779028
ops,char,-0.051954510614295055
ko isang,word,-0.05200679347873687
sys,char,-0.05204141991531274
der,char,-0.05206568504545504
thanks shopee,word,-0.05206695940853933
rfo,char,-0.05208486691668655
quite,word,-0.05210130737958654
ico,char,-0.0521215872134006
ig ,char,-0.05214781635296975
yoh,char,-0.05215664719639584
ganda worth,word,-0.05217990156090965
riz,char,-0.05230265732211559
muntik,word,-0.05239830348948351
rar,char,-0.05240418927554405
business,word,-0.052424227532781045
cp ,char,-0.052428910829737524
nnn,char,-0.0525560891250989
wag nyo,word,-0.052569674662004344
wln,char,-0.05260041950987036
poh,char,-0.052700036659095305
pag naubos,word,-0.05275484470855619
really like,word,-0.05277272268664979
may tastas,word,-0.05278768895861537
hindi masyado,word,-0.052819977185653955
item thank,word,-0.052823621080118996
xmp,char,-0.05284122676708209
matibay sya,word,-0.052859572371260204
scent,word,-0.05289848934840099
ilk,char,-0.052915352658947194
mpr,char,-0.05292759041499332
kii,char,-0.05304613876058152
korean,word,-0.05305247894121421
line,word,-0.0531371742731522
lad,char,-0.05317540828061099
slight,word,-0.053198091513153196
may,word,-0.053225858566309736
iic,char,-0.05324361593999058
bagong,word,-0.05326336923544004
ireturn,word,-0.05337572189035647
dop,char,-0.05337910134071991
kaya okay,word,-0.05355502400506066
ose,char,-0.053588367051586316
may konting,word,-0.05368967899414043
dic,char,-0.053752022994658206
tod,char,-0.0538225584407975
old stock,word,-0.05400218886443943
when,word,-0.05401338992544218
unexpected,word,-0.05404035934055967
nlg,char,-0.05404710070706682
paa mo,word,-0.054058578090352846
sre,char,-0.054061614624066986
ndo,char,-0.05413370475259039
cca,char,-0.054142663594178395
same quality,word,-0.054147355154446
lambot,word,-0.05415871223277997
ub ,char,-0.054177590877106725
pro,word,-0.05417902709205375
colors,word,-0.05419252863438621
orange,word,-0.054198492818796636
ivr,char,-0.05423457668603082
ima,char,-0.054237559431363935
ngd,char,-0.054284152932356285
rr ,char,-0.054314405140782555
tela makapal,word,-0.054321560570616205
gmm,char,-0.054402886328883314
nabili,word,-0.05449893912147297
noy,char,-0.05462058182955788
product wala,word,-0.054629132260858713
seller order,word,-0.05472185987364497
dents,word,-0.054785740924896624
sya kaso,word,-0.0548165078068202
maganda makapal,word,-0.054845837407105615
but still,word,-0.05485462500803956
madulas,word,-0.054855678782294116
un,word,-0.05487556245172682
grabe ganda,word,-0.05487728832148885
uty,char,-0.054963563903861735
hos,char,-0.05497891894005412
affordable price,word,-0.05498621583387205
tuf,char,-0.05499033278390711
cof,char,-0.05500476191285098
case,word,-0.05507266199197973
toe,char,-0.055148020958326806
hom,char,-0.05527979458298518
hihi,word,-0.05537931541276336
mta,char,-0.05542532109856227
aht,char,-0.05550512968258294
quality mura,word,-0.05554022752481416
fol,char,-0.05554217745829115
dto,word,-0.05566920450271858
yo,word,-0.05567969265916217
ctl,char,-0.05569670417048534
parang small,word,-0.055701032661661855
all okay,word,-0.055741147932486516
bom,char,-0.05574723632512779
overall good,word,-0.05578376745709686
tyr,char,-0.05581697286874387
kahit wala,word,-0.05587042147549232
medyo manipis,word,-0.05590619439441945
fus,char,-0.05592523308990763
nfu,char,-0.05592523308990763
 ew,char,-0.05592719507981835
til,word,-0.05598437651825377
eir,char,-0.056148765104342024
sya thank,word,-0.05615235136447279
 gf,char,-0.056221326390397126
pila,word,-0.05622594810111357
sulit presyo,word,-0.05627901294369582
seller tama,word,-0.05631271825175733
mly,char,-0.056373813380217346
rice,word,-0.05639203646751515
so cute,word,-0.05641576733118476
seller kaso,word,-0.056434206331129166
rcu,char,-0.05644463808176128
maling color,word,-0.05644509775340764
lle,char,-0.05644845246653776
ffi,char,-0.056457713955360596
spa,char,-0.05646723415770943
rna,char,-0.05650569720450981
comes,word,-0.056548132824495084
ety,char,-0.056580489643996416
iwa,char,-0.0565956451608751
quality its,word,-0.05663240183144443
ko dapat,word,-0.056657276005733864
erb,char,-0.056763484199086556
ofo,char,-0.056765948022007726
kalakas,word,-0.05684058254387186
 az,char,-0.056859300497244004
ysm,char,-0.05687088196661478
sales,word,-0.05688736342355078
umm,char,-0.057020359786872976
far okay,word,-0.05709935690688418
visible,word,-0.0571365424651545
inches,word,-0.057174306974182444
kir,char,-0.057184972028144376
sobrang worth,word,-0.05718976400919436
oe ,char,-0.05719248506883863
rne,char,-0.05734404745062895
zzl,char,-0.05734915365994283
price ok,word,-0.057381743356894686
ko buti,word,-0.057433725826855166
ewan,word,-0.057440911102374925
eau,char,-0.057535131414233234
seller well,word,-0.05753691744411255
heheh,word,-0.05757241273406926
will try,word,-0.05762320671861772
kkt,char,-0.057841906410385495
buh,char,-0.05788958843520487
about,word,-0.05800379444183933
not same,word,-0.05813291470574777
 nu,char,-0.05813837171029057
kaso manipis,word,-0.058168908866839765
alg,char,-0.058245684248777595
bg ,char,-0.05825034325995342
ows,char,-0.05827045790334578
problem,word,-0.058275788012402935
eyebrow,word,-0.05830165700229113
nato,word,-0.058317385553562896
sulit bayad,word,-0.05839960478469808
thd,char,-0.058407642243812265
nom,char,-0.05843555482330079
sinabi ko,word,-0.05846427607735562
laz,char,-0.0584844836458442
lahat size,word,-0.058495322445501645
super happy,word,-0.058536192448124816
yupi yupi,word,-0.05857823872718969
wd ,char,-0.05871471921366361
all ok,word,-0.05893891508633456
expect much,word,-0.05895188514238006
onc,char,-0.058960252971390334
nur,char,-0.05910312623621487
di cya,word,-0.059145676960807275
seller ganda,word,-0.059170297221421767
cia,word,-0.05918375051055322
okay mura,word,-0.05925137292673514
aty,char,-0.059288690965896736
nkl,char,-0.05934457406022434
lock,word,-0.05934600001942681
surely buy,word,-0.05940595627060448
di nag,word,-0.05942424127867721
dark blue,word,-0.05944297370260752
connection,word,-0.059457475538650786
yt ,char,-0.05946838262158689
tio,char,-0.05951728467044583
lav,char,-0.05953608215710166
ank ko,word,-0.0595989681957273
ogl,char,-0.05961119219781738
oog,char,-0.05961119219781738
thank shopee,word,-0.05968501146858308
 nh,char,-0.0597545648116124
ok thanks,word,-0.05981043575907018
mabait seller,word,-0.059828207300501826
quality shoes,word,-0.05991117276180202
naibigay,word,-0.0599264588874003
dina,word,-0.05993635091894562
tc ,char,-0.059943301472987744
 bh,char,-0.059975471840042566
mean,word,-0.06006425875580232
kasya akin,word,-0.060076009383604474
sana ayusin,word,-0.060137605071377505
uub,char,-0.06014629932581941
dipa,word,-0.06035681473671086
 pq,char,-0.06043348462492657
gib,char,-0.06044482212001151
muu,char,-0.06044852452855725
ial,char,-0.06045039602282615
abh,char,-0.06056038946976321
ibang reviews,word,-0.06058916977958731
natatanggal,word,-0.06058992732385638
sya maliit,word,-0.06060250183949785
 an,char,-0.06060566678219466
mma,char,-0.060623847984553926
aad,char,-0.06068299711844901
chc,char,-0.0606912239911234
xti,char,-0.06071521451270635
eto,word,-0.06071822451317674
vib,char,-0.0608112632539992
color order,word,-0.06081622563354248
tgn,char,-0.06082550013981248
ixe,char,-0.06084268885077448
poh,word,-0.06090216691433573
eyeliner,word,-0.0609023194802908
bim,char,-0.06112425995562477
enk,char,-0.06118747766280507
ulit pag,word,-0.06120129476703526
wy ,char,-0.06124211087966993
malaki pala,word,-0.06125943045344628
dad,char,-0.06128282512658136
masaya,word,-0.061284464733440666
yln,char,-0.06134851950227618
ddi,char,-0.061522923722924734
uan,char,-0.06155998801797154
nly,char,-0.06161890378073147
sku,char,-0.061689256412750235
muka,word,-0.061706294663989844
ill,char,-0.06172069454576341
eg ,char,-0.0618345489513754
mlu,char,-0.06191527754453889
kay rider,word,-0.06199379231347017
maingat,word,-0.06214509176131582
mti,char,-0.06225531882185914
data,word,-0.062258465704461655
ko mas,word,-0.06225914645891443
quality thanks,word,-0.06232857704112324
super like,word,-0.062376679787045974
malakas sya,word,-0.06239108397106942
ok thank,word,-0.06245158963560282
maganda talaga,word,-0.06249840269024555
mag add,word,-0.06251466807914008
rat,char,-0.06253020994073843
quality sya,word,-0.06263440568160261
udd,char,-0.06264116600028671
smu,char,-0.06271601844979702
mgn,char,-0.06279960209574706
xy ,char,-0.06281959925113624
thanku,word,-0.06285404098307108
bag,word,-0.06288957327010229
color thank,word,-0.06295439888580234
apt,char,-0.06303023301607709
thanks kay,word,-0.06312392831624757
very pretty,word,-0.06317561898586932
price sana,word,-0.06319853045665023
ici,char,-0.06320442951531179
sana item,word,-0.06330716606247043
maliit sakin,word,-0.06338452420635181
itn,char,-0.06342903733215531
saktong sakto,word,-0.06360684586310947
yelo,word,-0.06362565667688347
wakas,word,-0.06364065783127586
hum,char,-0.06379613985711133
tsaka,word,-0.06382628962398619
sticker,word,-0.06393489317211636
light blue,word,-0.06406109375980454
una,char,-0.0640871259152929
bench,word,-0.06417951860728871
komportable,word,-0.06418160080288009
anak,word,-0.06419544634814565
 ob,char,-0.06423526606811422
thank youuu,word,-0.06425214133291075
youuu,word,-0.06425214133291075
sye,char,-0.06430282014715913
hindi ganon,word,-0.06439779540431466
ko tama,word,-0.0644453604805539
school,word,-0.06444916239076368
kuya driver,word,-0.0644790748823416
agf,char,-0.06451763717962121
gud,char,-0.06454311623978054
ginagamit ko,word,-0.06462839935316318
ers,char,-0.06468537366032785
mdo,char,-0.06476352915038003
paki check,word,-0.06481012936508865
mos,word,-0.06492275523876223
ko ma,word,-0.06501474303876259
kapit,word,-0.0650513641543727
agad thank,word,-0.06508147953914525
del,char,-0.06515416850362726
 ar,char,-0.06532661782994213
bili ulit,word,-0.06532772633405365
xpo,char,-0.06550804244383289
egs,char,-0.06557384768061134
paw,char,-0.06563429913741153
ews,char,-0.06566064255868045
anb,char,-0.06574383938488354
buo,char,-0.06590813617464307
tnk,char,-0.06591045065272483
laking,word,-0.0659470693890981
cge,char,-0.06594818488208927
van,char,-0.06594932868486533
yy ,char,-0.06602493397779002
magic,word,-0.06602865398957342
ns ,char,-0.06605666727760469
like me,word,-0.06609055831226192
takes,word,-0.06618225153807865
pwde,word,-0.06620787784040302
oro,char,-0.06622388078485668
my sister,word,-0.06633319963763291
mabilis pag,word,-0.06635708783685271
well pack,word,-0.06638477729811994
ist,char,-0.06648352890091928
got,char,-0.06649379140256505
costumer here,word,-0.06649475207694491
pieces,word,-0.06650829092830318
ulm,char,-0.06662985092353331
slamat seller,word,-0.0666461212132917
payat,word,-0.0667954485342298
nong,word,-0.06685377288267003
nailaw,word,-0.0668793454650634
rp ,char,-0.0668933547432939
pa may,word,-0.06695064596783777
lig,char,-0.06699405892875139
ulit next,word,-0.0671184004142376
dpt,char,-0.06714793169524773
ginamit,word,-0.06715512853935186
aag,char,-0.06717411498279743
mae,char,-0.06718337198966927
sce,char,-0.0672000340181393
pala,word,-0.0672383604501586
ahd,char,-0.06724308905511489
nah,char,-0.06727859320973546
 aa,char,-0.0672802351580138
onk,char,-0.06732220645529999
he,word,-0.06733840604092843
nasuot,word,-0.06735539485189822
aud,char,-0.0674079559701497
nagustuhan anak,word,-0.06751526408119171
kee,char,-0.0675637122634155
ayr,char,-0.0675655281034652
bbg,char,-0.06767995804681329
gly,char,-0.06771383863218722
hirap buksan,word,-0.06782955536892005
madaling masira,word,-0.06790905522518714
oc ,char,-0.06795645051193713
number,word,-0.0680870469682539
six,char,-0.0680873193753792
wou,char,-0.06809029154273451
triny,word,-0.06809375630224264
olb,char,-0.06816333016779733
kaso iba,word,-0.06816582539854037
partner,word,-0.06824125091244485
wt ,char,-0.06826977954700099
mna,char,-0.06831287494897925
product di,word,-0.06833616032497337
syu,char,-0.06835215744711877
pts,char,-0.06845566114236958
dge,char,-0.06848656937807435
dup,char,-0.06852013069520589
sbr,char,-0.06862319418564651
ada,char,-0.06875503245912151
mel,char,-0.06885356566486996
ok but,word,-0.06888217953773292
 md,char,-0.06888507892616794
eva,char,-0.06888683224173477
hok,char,-0.06892015169843811
uho,char,-0.06892015169843811
apa,char,-0.06893217333379009
im very,word,-0.06899612195184712
umoorder,word,-0.06901557994629093
boobs,word,-0.06908543455684461
product thank,word,-0.06911371079434007
will give,word,-0.06911622096683598
nm ,char,-0.0691584636724443
gdl,char,-0.06918261087933453
dil,char,-0.06918381417356834
year,word,-0.06919148815033778
cte,char,-0.06922304119890157
ko pang,word,-0.06922472022340709
yon,word,-0.06937837308121589
sya price,word,-0.06941156280067447
cheaper,word,-0.06946118304494067
received good,word,-0.06946619204662148
reo,char,-0.06950751577508359
eor,char,-0.06950751577508359
nja,char,-0.06954088469810557
tfi,char,-0.06962041198741935
utf,char,-0.06962041198741935
wei,char,-0.06965134847147893
sya mabilis,word,-0.06967751402878813
love quality,word,-0.06971684765013245
 dh,char,-0.06973407774235768
lamig,word,-0.06974629787114317
presko,word,-0.06980057338989425
air,char,-0.06985699975795029
ft ,char,-0.06989092808185834
quality makapal,word,-0.06991840926806364
maganda yong,word,-0.06993805746678847
pink order,word,-0.06996362827501007
maganda thank,word,-0.06998104343812918
large,word,-0.07007815064166503
 j ,char,-0.07009029566047113
cei,char,-0.07013079502622832
ehh,word,-0.07023745213443362
pit,char,-0.07045112348816715
rko,char,-0.07060705218011754
hrg,char,-0.0706494593427235
ope,char,-0.07070664793611212
gur,char,-0.07075204764996677
pai,char,-0.07079487267471996
lense,word,-0.07085626611415942
aky,char,-0.07087206708778858
good nmn,word,-0.07087638243042307
rider nag,word,-0.07091722902838844
fault,word,-0.07092279507396945
upp,char,-0.07094807264361858
fea,char,-0.07098315532403589
blue white,word,-0.07105767583372537
ypi,char,-0.07111657764088222
saken,word,-0.07111819471454785
ahm,char,-0.0711190109773007
gl ,char,-0.07113151119360249
packaged item,word,-0.0711697317593425
sayang bayad,word,-0.07119370925505902
satisfied costumer,word,-0.07121204031464011
saglit,word,-0.07121356384897416
nde,char,-0.07122452718202642
ulit thanks,word,-0.07123754759462919
nalang ulit,word,-0.07132502061692503
sya then,word,-0.07140497390369963
ringlight,word,-0.07144940196596813
ehh,char,-0.07145919344380028
wip,char,-0.07148001251232258
received wrong,word,-0.07150405292956213
nagkamali,word,-0.0715130531501411
mag deliver,word,-0.07159279197654507
rsa,char,-0.07161870256004216
tmo,char,-0.0717525295355139
kumpleto lahat,word,-0.07177449574802057
raf,char,-0.07178581619197053
sakin sana,word,-0.07181912469854931
kuyang,word,-0.07182032216777508
 nm,char,-0.07192685057457661
nawala,word,-0.07193311192920113
 ru,char,-0.0719554888946447
cng,char,-0.071965058891437
pa si,word,-0.07202657757280559
rug,char,-0.07212745988145053
dumating sulit,word,-0.0722830788006437
hawk bag,word,-0.07230796968366533
uod,char,-0.0723482557920793
ege,char,-0.07243901277065312
man bubble,word,-0.07244925352697774
akl,char,-0.07247542538877903
adn,char,-0.07252068091246361
fic,char,-0.07253050065677735
iku,char,-0.07256848618051231
dumating thanks,word,-0.07266068685325852
kba,char,-0.072700900341145
uke,char,-0.0729099283829067
hip,char,-0.0729111555471245
eic,char,-0.07292399122383353
un item,word,-0.07293175299752311
masira agad,word,-0.0729516646917015
tag,char,-0.07297783950635216
ngalang,word,-0.07303120703288062
chineck,word,-0.07304460787576031
jt ,char,-0.07310365906225964
bit,word,-0.07314445032869306
sya hindi,word,-0.0731791381453456
sarili,word,-0.07318596644229805
ebu,char,-0.07324499845750675
orig,word,-0.07326486571431333
wny,char,-0.07326635248191767
dumating sya,word,-0.07330040939358437
 nw,char,-0.07330410505078763
sweet like,word,-0.07334597949442274
ntl,char,-0.07336192945771582
supplier,word,-0.07339338108836804
fit,char,-0.07358709506528098
usu,char,-0.07367175822426764
kud,char,-0.07377264880912918
qn ,char,-0.0738410304775003
pdl,char,-0.07387388228390478
red dumating,word,-0.07388758110798303
murang halaga,word,-0.0739356500032907
ko blue,word,-0.0739404582770463
 os,char,-0.07395506975068877
kumuha,word,-0.07395716534778649
room,word,-0.07404440697546494
okay maganda,word,-0.07417416380571228
zai,char,-0.07427014426657914
puz,char,-0.07436442006643704
kia,char,-0.07437749680142969
spray,word,-0.07450958513466335
 kl,char,-0.07456435689061808
kor,char,-0.07460432084606078
bga,char,-0.07461838733525286
 k ,char,-0.07478430522305411
hla,char,-0.07481673246164876
iip,char,-0.07491179674957522
dhi,char,-0.07492752700764903
seller bilis,word,-0.07494890539738622
nya thank,word,-0.07501323145921744
bait pa,word,-0.07501378022976886
must,word,-0.07521262577214435
nth,char,-0.07522848301648405
salamat kay,word,-0.07526026827365057
ganda talaga,word,-0.07529842346134348
square pants,word,-0.0753175614785794
saka,word,-0.07539955295277713
gty,char,-0.07541224300834815
alam ko,word,-0.07541948363190998
kuya nag,word,-0.07542813571907861
nabigay,word,-0.07543875859699245
sch,char,-0.07550005712124656
product but,word,-0.07558210992386016
mr ,char,-0.07562738041349801
box,word,-0.0757289786215899
ncr,char,-0.07573160545944983
moi,char,-0.07574413909206644
mih,char,-0.07577384221365675
mouse pad,word,-0.07590529487257945
ete,char,-0.07597997929528795
wrapped,word,-0.0760432578165829
lahat kulay,word,-0.07607080316368746
ko school,word,-0.07631004717832483
pdi,char,-0.07631654042840856
eze,char,-0.07641510289156445
tli,char,-0.0765031620120183
kaso mabilis,word,-0.0767180101400861
bid,char,-0.07678581120914169
flo,char,-0.07680532302239539
kac,char,-0.07684535046709506
akb,char,-0.0769190193411771
march,word,-0.07695617079935864
upa,char,-0.0769721871284916
next transaction,word,-0.07698519776968327
nyo bago,word,-0.07703355034513366
tou,char,-0.07708068412936529
mt ,char,-0.07716781036222037
yut,char,-0.0772227186248729
af ,char,-0.07736044041962525
kasalanan,word,-0.07736966122989906
lso,char,-0.07742016698804716
seller wala,word,-0.07745928651933573
maship,word,-0.0775367274861438
expired,word,-0.07767575949284604
classy,word,-0.07768451802427337
up bra,word,-0.07775110362262964
liters,word,-0.07782731040981684
area,word,-0.07785560565294776
palitan,word,-0.07791013753563576
dah,char,-0.07793635837287384
within,word,-0.0779636573671039
akong nag,word,-0.07798401915267356
php,char,-0.07801631183033227
ovo,char,-0.07808120978308272
nv ,char,-0.07816240955642433
nc ,char,-0.07823968214178949
umiilaw,word,-0.0782640980546505
item nyo,word,-0.07836080599298359
tog,char,-0.07836788071189736
tagal shipping,word,-0.07841241310412234
ganda super,word,-0.07841434627166251
kuk,char,-0.07847899832516889
kinabukasan,word,-0.07857426691368304
giving,word,-0.07866045406395976
xan,char,-0.0787026481430098
kya lng,word,-0.07883001464254098
super legit,word,-0.07899237720273905
everyday use,word,-0.07910176576899225
cool,word,-0.07910537144215789
itb,char,-0.07913001651339484
las,char,-0.07915024182459507
hif,char,-0.07915266309312297
iry,char,-0.07916234666464288
maliit talaga,word,-0.07917252534345506
today,word,-0.07923939035056385
ral,char,-0.07950452484168542
tapakan,word,-0.07952947760592378
wow,char,-0.07957008443293365
hdj,char,-0.07967446290010698
uin,char,-0.07969247955249062
port,word,-0.079859232161177
pup,char,-0.07991481308714841
klo,char,-0.08006149457587171
ccr,char,-0.08010331516839303
rms,char,-0.08010768309877885
nkt,char,-0.08012693044649184
dro,char,-0.08013025476741485
dn,word,-0.08017075462867053
very good,word,-0.08022403188651238
chy,char,-0.0802757898218606
maayus,word,-0.08029286880036086
ase,char,-0.08030952604190796
times,word,-0.08031899135597607
fro,char,-0.08045825952288549
black gray,word,-0.08046707455689546
nagana,word,-0.0804729003794657
feel,word,-0.08047778524386695
rainy,word,-0.08047799872485265
ket,word,-0.08048027789726153
caf,char,-0.08049644887793361
maganda mukhang,word,-0.08070030727527575
until,word,-0.08071802696113776
ko if,word,-0.08072191541575643
nagustohan ko,word,-0.08072434599891327
ari,char,-0.08074438428330931
kong binili,word,-0.08074451801076883
stretchable,word,-0.08076758393165798
good items,word,-0.08083934214569205
loose,word,-0.08085954580253002
pare,word,-0.08091144429011926
ikl,char,-0.08091801723970528
agad item,word,-0.08093298283186097
super sulit,word,-0.0809656549333148
ify,char,-0.08096947527227082
upd,char,-0.0811137864136634
wid,char,-0.08119217194048944
yro,char,-0.08125642115807705
more sales,word,-0.08136270821054793
oky,char,-0.08136707373233783
nrc,char,-0.08143754515267981
fav,char,-0.08160081521842938
mub,char,-0.08165398725857534
bap,char,-0.08167024517228913
saw,char,-0.08177068989411372
user,word,-0.0817973846744413
sira box,word,-0.08181104826124264
anj,char,-0.08187438878732278
erc,char,-0.08192909787608935
dj ,char,-0.08198585396415362
 ho,char,-0.08199392999358633
toi,char,-0.08206152537325172
mla,char,-0.08206463714848572
pagkakabalot,word,-0.08208030407088084
date,word,-0.08210076453871276
but its,word,-0.08210758435657363
onti,word,-0.08215658945912366
damages,word,-0.08216353610185616
ies,char,-0.08229640804065462
veg,char,-0.08232277199418331
omg,char,-0.08238878642616822
hp ,char,-0.08242099075743912
nop,char,-0.08243430654481922
nung ginamit,word,-0.0824369925460666
pol,char,-0.08243982849579079
push up,word,-0.08253919761198195
talagang,word,-0.08256625088849072
ilaw,word,-0.08263471629025418
better,word,-0.0826424408266752
osy,char,-0.08264975674303138
kulay order,word,-0.08277016214419979
mqn,char,-0.0828247801005572
amq,char,-0.0828247801005572
product maganda,word,-0.08282856980309461
seb,char,-0.0829051818334804
ko kya,word,-0.08298036386728998
elv,char,-0.08303100787421716
cab,char,-0.08312490956687643
time please,word,-0.0831331367725278
grey order,word,-0.08326677206045321
seller sulit,word,-0.08335260895910168
fab,char,-0.08335677785198829
isang beses,word,-0.083382467846152
wlng,word,-0.08354267299865217
 xm,char,-0.08366920915322043
ymo,char,-0.0836800123096939
nym,char,-0.0836800123096939
any,char,-0.08372113860684498
niu,char,-0.08381434311096618
iu ,char,-0.08381434311096618
atd,char,-0.08384439355589027
yaa,char,-0.08386941897547508
slm,char,-0.08394828700399251
chu,char,-0.08408915415650595
hub,word,-0.08411331172258588
ebo,char,-0.084124132609715
napakatagal,word,-0.08417416102848424
ka mag,word,-0.08421608546467538
uot,char,-0.08422142620471228
lir,char,-0.08424403284610166
maganda namn,word,-0.0843207420541493
ugg,char,-0.08435395446605291
mabilis lng,word,-0.08452654367294832
pamangkin,word,-0.08454054858223625
td ,char,-0.08454682601095363
super worth,word,-0.0845998799400957
dig,char,-0.08460191363574633
makuha,word,-0.0846447968182017
amu,char,-0.08471408342469415
good item,word,-0.08472764012464482
ups,char,-0.08478824094391028
nmn lahat,word,-0.08488695554449452
you want,word,-0.08492463769492063
trs,char,-0.08496347344253191
nman xa,word,-0.08497320245423287
walang,word,-0.0849985125140775
 rd,char,-0.08503944279628703
ksy,char,-0.08509888131204568
ksi,char,-0.08515284196552315
high quality,word,-0.085154150702389
nasunod kulay,word,-0.08516739448250522
amazing,word,-0.0851712289854716
pro ok,word,-0.08543948893878756
rut,char,-0.085441070556787
spe,char,-0.0855343396635098
tys,char,-0.08563358947172246
feedback,word,-0.08571571307196785
bbe,char,-0.08571937671061174
ifo,char,-0.08576431576628374
ky ,char,-0.08577730295750624
rwi,char,-0.08579854357080983
skul,word,-0.08584959005270326
ems,char,-0.08587637791506252
season,word,-0.08597785125595708
verry,word,-0.08599124981434449
time seller,word,-0.08614796788396568
ule,char,-0.0862034377841139
bilhin,word,-0.08625285220132861
dumating ok,word,-0.08627819844241068
polish,word,-0.08648238863847628
sya may,word,-0.08650806166370595
iva,char,-0.08653747029649811
sya sayang,word,-0.08655024253112491
bunso,word,-0.08655438954686091
hope magtagal,word,-0.08657925510033126
hes,char,-0.08658207862499065
seamless,word,-0.0867371089378318
chicken,word,-0.08674559896251577
fig,char,-0.08690689747666144
effect,word,-0.08696008196555678
aar,char,-0.08699154737677295
blo,char,-0.0870025696247146
bol,char,-0.08707678114346501
hindi ka,word,-0.08710431877519337
yse,char,-0.08710823495698813
ve ,char,-0.08711915532920682
kes,char,-0.08711933693425342
lch,char,-0.08713227873662338
star,word,-0.08737260248037007
tup,char,-0.0875193699822612
kudos,word,-0.08767502191272718
zad,char,-0.0879115277036811
manipis ok,word,-0.08799471929188918
oti,char,-0.08799566665651817
yth,char,-0.08802814362892868
uut,char,-0.0881000241073744
skin,word,-0.08810554939788648
kin,word,-0.08814944732491883
ryt,char,-0.08816064222877848
yem,char,-0.08817306832107583
value,word,-0.08818333530811956
nf ,char,-0.08827321327640153
pop,char,-0.08828604396060896
azo,char,-0.0883268975994323
raz,char,-0.0883268975994323
oorder ulit,word,-0.08836463963135856
nih,char,-0.0884106767573267
aso,char,-0.08842872141590224
ipapadala,word,-0.08851320764607139
obs,char,-0.08862424834942298
 sq,char,-0.08874987029824413
ber,char,-0.08877022685866172
yu ,char,-0.08880451010919144
cce,char,-0.08880509117721329
ms ,char,-0.08880928233103783
sulit sulit,word,-0.08887174622004175
weight,word,-0.08893145864517403
nsh,char,-0.08894645754744344
ko sakto,word,-0.08896145006208196
tingin,word,-0.08900796315231985
mura maganda,word,-0.08906164236928973
 bt,char,-0.08914714222512754
isang roll,word,-0.08915606092861839
xa,word,-0.08917096777138644
ump,char,-0.08919872870573305
kyu,char,-0.08920635555578119
mama ko,word,-0.08927825528730429
wev,char,-0.08939061799158828
fat,char,-0.08942817526417318
quality mabilis,word,-0.08948004398105007
arc,char,-0.08948018533998112
tingin ko,word,-0.0895283101745455
you shopee,word,-0.08963389911758346
hut,char,-0.08968159438428988
itr,char,-0.08974304113190443
lua,char,-0.08988145690313529
 ci,char,-0.08989002551399752
wow,word,-0.08999059288779634
iee,char,-0.09013040402811691
ypo,char,-0.09013327132301867
buttons,word,-0.09015350981097793
chineck muna,word,-0.09044967367390733
ndi ko,word,-0.0904975580773753
wala pong,word,-0.09054150740011886
pto,char,-0.09056471732247626
color pink,word,-0.09062019708031162
nabibili,word,-0.09067637246541264
sirang,word,-0.09068484426122346
reason,word,-0.09071256446772454
soe,char,-0.09086752912980117
straw,word,-0.0909286558569048
may dumi,word,-0.09094686354240326
iya,char,-0.09106775425080442
maganda nga,word,-0.09112217502319248
hoe,char,-0.09118330447852419
lri,char,-0.09127642530304114
quality well,word,-0.09143554914496202
hir,char,-0.09154077302645983
hindi nagana,word,-0.09155742361771955
anyway thanks,word,-0.09157098940931674
mag reply,word,-0.09166980816029029
eti,char,-0.09172598974727916
rem,char,-0.09178345924261397
lck,char,-0.09186837379083011
far so,word,-0.09189903140603305
wes,char,-0.09194754081797205
syang dumating,word,-0.09196046599377383
 ae,char,-0.09204620585366789
aes,char,-0.09204620585366789
kac,word,-0.09207232934048948
tama kulay,word,-0.09217499082838003
dq ,char,-0.09219181235810615
 dq,char,-0.09219181235810615
utp,char,-0.09219901469521187
oph,char,-0.0922176982297404
isa di,word,-0.09222686460282804
your,word,-0.09225125939532888
tai,char,-0.09232145208224268
gnd,char,-0.0923787601056464
katibay,word,-0.09239361470263656
enjoy,word,-0.09251495723695383
ayoko,word,-0.09261063533789134
nwe,char,-0.09261891344795431
fee,char,-0.09263719449809767
sound,word,-0.09267160707147165
uda,char,-0.09267765868195632
gma,char,-0.0927407531158507
dly,char,-0.09278623879185886
rrr,char,-0.09282017979959523
ko item,word,-0.09282705309634702
phl,char,-0.0928643996776426
anything,word,-0.09292311691943565
pinsan ko,word,-0.09300752715894903
nd ko,word,-0.09310715964892768
facemask,word,-0.0931529633649307
since may,word,-0.09323022577821477
 qu,char,-0.09325956426985325
ipp,char,-0.0932848545004731
pog,char,-0.09329230084566809
feels,word,-0.09333178979776756
parang mabilis,word,-0.09334860184204204
loved,word,-0.09339883232721816
ab ,char,-0.09366134492544041
nya super,word,-0.09368082441258023
hubby ko,word,-0.09371412958256983
maganda maganda,word,-0.09374951913856479
mbs,char,-0.09375350664930449
seller courier,word,-0.09380413425312602
tty,char,-0.09385505432874362
tz ,char,-0.09389651417290648
trusted,word,-0.09389709822733353
sorry late,word,-0.09397867038665075
lif,char,-0.09406030837378009
bfo,char,-0.09406191549641553
ll order,word,-0.09444926892167829
aig,char,-0.09449016320399363
ote,char,-0.09450053072179945
maya,word,-0.09458526757706986
ggi,char,-0.09461903057684809
tut,char,-0.09462501456283454
kapa,word,-0.09463990543786113
fur,char,-0.09473161976309251
seller salamat,word,-0.0947319528195928
paa nya,word,-0.09474339733921873
rub,char,-0.09479044470694989
raa,char,-0.09485711925781494
serve,word,-0.09492553489358332
you see,word,-0.09495809339638211
ofa,char,-0.09519417115762815
qoh,char,-0.09539205707428398
tip,char,-0.0955724432682297
lab,char,-0.09561277814013541
sth,char,-0.09561821850441513
xte,char,-0.09562215400286839
soa,char,-0.0956232696358831
really,word,-0.09565225970222675
probably,word,-0.09569946618639286
ylu,char,-0.0958996793144207
fa ,char,-0.0959783374843759
item well,word,-0.09611556283473942
iop,char,-0.09614519159108978
hindi same,word,-0.09616632517660137
nod,char,-0.09620118013771646
hehehe,word,-0.09628908367224574
poo,word,-0.09634514351130181
ysa,char,-0.09647408694016445
surely will,word,-0.09658201265034795
agad hindi,word,-0.09666593840138998
xa ,char,-0.09666630760132129
oev,char,-0.09667168589258777
shopee rider,word,-0.09672583604047783
nd order,word,-0.09680934905427402
lli,char,-0.0970514233069287
icy,char,-0.09707420006272091
quality nya,word,-0.09708015342175838
responsive si,word,-0.09716526564394154
nrin,word,-0.09719337124637856
slippers,word,-0.09727709471683164
oom,char,-0.09732362494014883
scratches,word,-0.09735381654051384
handy,word,-0.0974992836776163
kaysa,word,-0.09757961985446964
phone ko,word,-0.09766145792857521
nagandahan,word,-0.09768968874487137
eck,char,-0.09773230140524719
inp,char,-0.09780609556490055
sana wag,word,-0.09781778825933109
cit,char,-0.09785132020051153
omg,word,-0.09785265267989353
gagamitin ko,word,-0.0979720802186474
pagbukas,word,-0.0979763361777477
unn,char,-0.09802281837374921
nalungkot,word,-0.09806033816224456
ovi,char,-0.09821364395528097
cute kaso,word,-0.09830651141953084
nung nareceive,word,-0.0984935381158146
tipong,word,-0.09850405464406256
eus,char,-0.09867396788416134
price nya,word,-0.09880198862880124
anv,char,-0.09881869179670777
rce,char,-0.09882285013943827
 bu,char,-0.0988934592307224
um ,char,-0.09893059239841098
performance,word,-0.09900277115389798
customer service,word,-0.09902594563810772
ois,char,-0.09908964060639598
namn sana,word,-0.09922623563242591
lng di,word,-0.09933827926325142
uee,char,-0.09942712859939408
taste,word,-0.09943197332321037
dio,char,-0.09946581284528881
nya personal,word,-0.09948482964718616
bago ipadala,word,-0.09955984374193998
working sana,word,-0.09956868232519614
totally,word,-0.09961679473579915
seller god,word,-0.09966015230535068
keep up,word,-0.09966537130467636
uat,char,-0.09967508952582668
very responsive,word,-0.099697890476825
oy ,char,-0.0997174555862665
green dumating,word,-0.09971806465366687
ssi,char,-0.0997291490259993
totoo,word,-0.09980395092840516
aabot,word,-0.09980982726294708
bags,word,-0.09984817504385995
ggm,char,-0.09992658658779006
button,word,-0.09995677027866674
nde,word,-0.10007991230356969
 br,char,-0.10010592266090655
ko ulit,word,-0.10021618308374608
usok,word,-0.10028853936631603
rno,char,-0.10034696318586823
 cc,char,-0.10037683803415702
lul,char,-0.10047915673388176
pta,char,-0.10050527391702442
tpu,char,-0.10054182267354732
cha charge,word,-0.1007119385245148
cha,word,-0.1007119385245148
pinsan,word,-0.10071269005444786
ok nmn,word,-0.10080332861776845
kaso bakit,word,-0.10081423329355894
pna,char,-0.10081608078835244
items,word,-0.10090620153500163
bre,char,-0.10105750413793718
fri,char,-0.10107011042779761
up ,char,-0.10111088494804309
maganda good,word,-0.10113685642883918
luh,char,-0.10118391419756441
wla,char,-0.10124207343400042
may basag,word,-0.10129625563154306
here,word,-0.10133178401622793
rmy,char,-0.10134489186452343
ubg,char,-0.10138093064085156
dbl,char,-0.10138377899969275
odb,char,-0.10138377899969275
nanay ko,word,-0.10139060346176139
pics,word,-0.10141165757162
sm ,char,-0.1014136456028629
kaso maling,word,-0.10149231267274503
accommodating seller,word,-0.1015842802880066
but okay,word,-0.10162345641598469
color nya,word,-0.10166810696566168
nmn pala,word,-0.10168727570529329
iis,char,-0.10170144698672974
oob,char,-0.10171466176001495
we ,char,-0.1017303243878205
sic,char,-0.1018285705359799
nagrerespond,word,-0.10189534535947721
nung seller,word,-0.10190375524799836
sav,char,-0.10193373054958173
ganda sana,word,-0.10196355229342798
maganda packaging,word,-0.10205067695148477
ugu,char,-0.10209509452180596
shop nyo,word,-0.10211755392396746
gagamitin,word,-0.10213838361726135
rgi,char,-0.10217034370621197
di tulad,word,-0.10218366549783664
nka bubble,word,-0.10226579933449477
sok,char,-0.1023224959022804
home,word,-0.10232440674019001
ryg,char,-0.10265847332313775
le ,char,-0.1026634840781867
naka bubble,word,-0.10276917216481193
hindi nga,word,-0.10281046819152953
purposes,word,-0.10281687691007227
namn sya,word,-0.10306884278521394
soc,char,-0.10315797891797363
tef,char,-0.10322583882008822
linis,word,-0.10324934790227272
 if,char,-0.10328038641194266
pads,word,-0.10333275342957428
tagal sya,word,-0.10334749771582744
mee,char,-0.10337165606399316
omb,char,-0.10347907937187494
pa natry,word,-0.10358065043076144
ko di,word,-0.10358829363906939
yes,word,-0.10359087766118323
pow,char,-0.10360880082051671
awk,char,-0.10369575006708551
pagkabalot,word,-0.1037014220422097
hei,char,-0.10372281067821525
 sl,char,-0.10374368482150091
concern,word,-0.10375827602003138
sya super,word,-0.10376239129031298
good legit,word,-0.10399365585355244
kong order,word,-0.10415425660142452
still satisfied,word,-0.10415863137268921
tapos may,word,-0.10416898026494935
sya matagal,word,-0.10425783282681718
tra,char,-0.10429549827619003
abg,char,-0.10432311215231405
pmb,char,-0.10434180470606311
madaling malowbat,word,-0.10440443253570458
finally,word,-0.10449168519080776
bago,word,-0.10453714739436105
hindi tugma,word,-0.10461829024191346
tignan,word,-0.10481826596582554
portable,word,-0.10484836600848921
 qo,char,-0.10486473336952606
udy,char,-0.10487501803125515
shipping,word,-0.10489132436320737
buo,word,-0.10492335484718933
ndn,char,-0.105025492149363
 ex,char,-0.10507770752142272
 tz,char,-0.105088540253921
pgd,char,-0.10510088501050008
mabilis shipment,word,-0.1051627964242394
eup,char,-0.10521918040891923
puh,char,-0.10535325481841326
xac,char,-0.10537567168033084
highly recommend,word,-0.10548236744225414
oni,char,-0.10553211312273938
coc,char,-0.105637453076848
cover,word,-0.10586047359154546
item received,word,-0.10588851836084771
ko gray,word,-0.10589047496202023
parang size,word,-0.10595563787967921
enj,char,-0.10597742124532536
njo,char,-0.10597742124532536
safe safe,word,-0.1059956300734107
kum,char,-0.1060923873088936
does,word,-0.10609565709303212
digital,word,-0.10627711988418435
tysm,word,-0.10633389032307941
murang,word,-0.10634401170325791
works well,word,-0.10645213435529079
inpods,word,-0.10645257751799841
nex,char,-0.10649359620732946
photos,word,-0.10650178080806634
ore,char,-0.10652137808691498
nct,char,-0.10653199905841942
item dumating,word,-0.10659944205040786
hindi manlang,word,-0.10666176988611374
uil,char,-0.10666471070520235
will surely,word,-0.10670104179272233
uic,char,-0.10680465899366785
ok kaso,word,-0.10686799653976779
owd,char,-0.10689311742802611
okay okay,word,-0.10707875636036714
aku,char,-0.10708421151009355
sister,word,-0.1072825129478211
ghu,char,-0.10730446916302791
floor,word,-0.10733250450646023
kin,char,-0.10740283716632668
klg,char,-0.10744346109591578
 op,char,-0.10756789087765696
rba,char,-0.10759874452533133
seller responsive,word,-0.10761685908218994
papadala,word,-0.10762119697181055
vanilla,word,-0.1076544558134969
pang nd,word,-0.1077192509113423
 xi,char,-0.1077360662406051
ko salamat,word,-0.10774077733766523
gex,char,-0.10774361398317711
product good,word,-0.10789627513882516
xia,char,-0.10794699548225438
get talaga,word,-0.10802332451160979
tim,char,-0.10806931909922432
ugn,char,-0.10843094758649512
swak,word,-0.10847805470574902
upper,word,-0.10850490970763536
mabilis shipping,word,-0.10866208442818923
xed,char,-0.10872041549423209
di nyo,word,-0.10883919838506381
dpt,word,-0.10886692371245439
hapon,word,-0.10892018299100141
jogging pants,word,-0.10907393851243292
order maganda,word,-0.10910886051780848
thu,char,-0.10912780560768674
els,char,-0.10912949502171376
 lb,char,-0.10915370082814427
lbs,char,-0.10915370082814427
gro,char,-0.10941964340215275
kay kuya,word,-0.10943272413408013
instead,word,-0.10946756018076179
gca,char,-0.10953920271203682
tigas,word,-0.1095524705971984
nung nasa,word,-0.10957864498864542
more power,word,-0.10971379972689131
may onting,word,-0.10973472247444288
ko tong,word,-0.10976347034944149
cco,char,-0.10992282894343598
php,word,-0.10992733049411786
gic,char,-0.10994336191113765
alis,word,-0.10994477919528665
ncl,char,-0.11013223524856873
mlo,char,-0.1101848855381836
ec ,char,-0.11018730440167313
product kaya,word,-0.11044908574353282
matagal delivery,word,-0.11046802713539385
mukha,word,-0.11051305898248134
pagkaka,word,-0.11051599232920593
hau,char,-0.11054060789976541
kahit medyo,word,-0.11054219429817211
adg,char,-0.11064973026642672
gtr,char,-0.11082261769209599
goods kaso,word,-0.1108951858630867
mmo,char,-0.11095823323521639
rnt,char,-0.11098271426644239
erp,char,-0.11098489429450845
ceb,char,-0.11099340459374213
eci,char,-0.111032681576084
gni,char,-0.1111414559840572
masabi,word,-0.11114270127928712
pinadala akin,word,-0.11123068569966425
prize,word,-0.11123310124222893
ko order,word,-0.111270886615784
kumpara,word,-0.11130522239057596
nyaaa,word,-0.1113149578918661
pag sinuot,word,-0.11133351155649551
cen,char,-0.11146930010139888
ok price,word,-0.11148571919930104
 ti,char,-0.11157380637822341
all maganda,word,-0.11162838795970398
mabango sya,word,-0.1116740128867099
ganda item,word,-0.11188369997296851
delay,word,-0.11198499843306794
pinadala sakin,word,-0.11207311765650614
tah,char,-0.11217161726944194
thumbs up,word,-0.11225183487999361
ona,char,-0.11231259723896363
di tuloy,word,-0.11240270665900359
rkm,char,-0.11257445834798675
guh,char,-0.11257551520262377
quality nung,word,-0.11258806370776665
 sm,char,-0.11261067284009994
nipis nya,word,-0.11267559106585401
itry,word,-0.11283543888963585
tipid,word,-0.1128356123834215
 ke,char,-0.11287378651372525
very accommodating,word,-0.11293927524955462
ipack,word,-0.11302678707463641
mgg,char,-0.11313343469299922
nagkasya,word,-0.11316892903056405
una kong,word,-0.11319416239348028
rya,char,-0.11334113632430357
emo,char,-0.11335571937017526
tot,char,-0.11338970484110975
gd ,char,-0.11343054917053709
sym,char,-0.11346371525565342
ymb,char,-0.11346371525565342
cotton,word,-0.11351166887648022
dy ,char,-0.11351317865094462
usable,word,-0.11370550962011577
keep,word,-0.11375138541439794
nyang,word,-0.11376485924034077
buti hindi,word,-0.11376549513610303
sph,char,-0.11376715890536673
uss,char,-0.11379741056551414
pink white,word,-0.11380513712963354
malaman,word,-0.11380944160585565
socks,word,-0.11390932069574625
liter,word,-0.1139333367400801
taa,char,-0.11399329395373652
amb,char,-0.11410976964535965
sya kahit,word,-0.11414925789192128
neck fan,word,-0.11433226979031354
spring,word,-0.11433733621129376
nasa,word,-0.1143688418770124
slmat,word,-0.11447629174440022
working well,word,-0.11447947947499895
inorder kong,word,-0.11456311650770983
bag,char,-0.11465681948551956
eo ,char,-0.11471198731663944
again next,word,-0.11485583689561732
malambot tela,word,-0.11494911189482712
shorts,word,-0.11496083074625443
hindi kasya,word,-0.11496550555536353
color binigay,word,-0.11504161528738788
cru,char,-0.11507288550585643
super bet,word,-0.11508081733703392
 rh,char,-0.11521984733732944
dog,char,-0.11551785078501123
naamoy,word,-0.1155601268789397
blue green,word,-0.1155815996399956
taw,char,-0.11560414248243746
kulay binigay,word,-0.11565037311373902
ana,char,-0.11573866045177049
dahil,word,-0.11574672669947395
tru,char,-0.11575976778697633
now,char,-0.11579590345498687
urd,char,-0.11585812339367728
oak,char,-0.11595694344389662
goods pa,word,-0.11599840960532636
neto,word,-0.1160401350789666
gbu,char,-0.11606434115433643
nif,char,-0.11619963515566584
damage,word,-0.11623377191964793
apd,char,-0.11623725894221819
di katulad,word,-0.11634926170131812
item salamat,word,-0.11659561772536328
edi,char,-0.11669956207502137
mut,char,-0.11681856562964989
 v ,char,-0.11686056566263803
dyu,char,-0.11690839093033376
dul,char,-0.1169840682441123
kulay kaso,word,-0.11704266800727539
budol,word,-0.11708426576080426
atp,char,-0.11718322775034003
ock,char,-0.11718715251018899
hts,char,-0.11725722040673017
ko tagal,word,-0.11744906133169604
you kay,word,-0.1175741305905235
timer,word,-0.11765892813529419
uli,word,-0.11777262015945349
nug,char,-0.11784056460079086
small size,word,-0.11791174601794155
pakicheck,word,-0.11791564359133211
om ,char,-0.11793689049646575
sio,char,-0.11801538448468787
mabigat,word,-0.11802186138105288
thumbler,word,-0.11806655467386132
thumbs,word,-0.11815575831078728
ght,char,-0.11827099260560806
dirty,word,-0.1182941787047742
ngayong,word,-0.11842731706307037
tuw,char,-0.11846280785535243
ko un,word,-0.11856170443141789
tho,word,-0.11862402494026913
kcn,char,-0.11862730053260005
sobrang layo,word,-0.11868530685584618
ve,word,-0.11871637052735588
item before,word,-0.11890602274163907
cor,char,-0.11891226621456653
ahi,char,-0.1189950791071062
nab,char,-0.11900077855088108
ugt,char,-0.11904794062324653
aup,char,-0.11912133797030307
lng presyo,word,-0.11925504486440812
tabingi,word,-0.11925861375713823
mabilis deliver,word,-0.11926848901312108
rin,char,-0.11928405381848842
ugm,char,-0.11928837047867191
kasyang,word,-0.11933009182441626
but thanks,word,-0.11940337812513709
 jt,char,-0.11942534552709884
pag deliver,word,-0.11948860401651311
ild,char,-0.11948900437344452
size dapat,word,-0.11951442496001397
bui,char,-0.11954619834232774
tuwang tuwa,word,-0.11959200409359927
tuwang,word,-0.11959200409359927
see what,word,-0.11966168904174707
if ,char,-0.1196901931432965
jel,char,-0.11969368544174569
rka,char,-0.11975552919955006
maganda malambot,word,-0.11982500417233716
ko kase,word,-0.11983765033281937
one best,word,-0.12000015193575053
items before,word,-0.12005085694470756
pro,char,-0.1203863166502705
ids,char,-0.12048286006453439
bago ko,word,-0.12049120735813194
rie,char,-0.12053482211616824
mgnda,word,-0.12058869851815489
 ku,char,-0.12059680006967884
uzz,char,-0.1206935101934643
esy,char,-0.12069700798561012
unlike,word,-0.12077913485562272
oki,word,-0.12091181295149069
bbl,char,-0.12112777356330413
ysi,char,-0.12121613754535897
superb,word,-0.1212560682850214
gen,char,-0.12125654669259306
isang kulay,word,-0.12135180919605207
items hindi,word,-0.12138730697913847
hawk,word,-0.12143368268552614
gb ,char,-0.12154747704688629
tissue,word,-0.12160151916011824
apl,char,-0.12167196696659723
ves,char,-0.12169851824242248
salamt seller,word,-0.12170888588970048
really love,word,-0.12172854516056214
magsisisi,word,-0.12173417101792293
dos,char,-0.12191368383747407
uya,char,-0.12192253846357189
dla,char,-0.12192710600368085
gsa,char,-0.12210025535869717
seller kase,word,-0.12210786246517785
sunday,word,-0.1221514654241446
simple,word,-0.12219050663945712
sta,char,-0.12221341551667926
irc,char,-0.12223141409245637
ndr,char,-0.12227251913698423
da,word,-0.1222817912911318
rider,word,-0.12236969787791736
nman,word,-0.12237829750491168
job seller,word,-0.12240887916956175
mali dumating,word,-0.12250903248235688
pangalawang order,word,-0.1225116444729705
wde,char,-0.12251406618803906
 gn,char,-0.12251643511519344
acc,char,-0.12262180761567049
super bait,word,-0.12267712917098891
should,word,-0.12273668291482338
guys,word,-0.12279554107294874
oke,char,-0.12291655931983458
wala siyang,word,-0.12294292642796044
 ag,char,-0.12295079139637503
delivery maganda,word,-0.12304692334945938
 mm,char,-0.12306459479207815
kaya salamat,word,-0.12310126243955911
magkasya,word,-0.12313876321621896
bagay bagay,word,-0.12335682441806213
lahat orders,word,-0.1234638288468468
nao,char,-0.12351006570092023
quality maganda,word,-0.12355777553330541
effort,word,-0.12359589903823145
umbrella,word,-0.12365777016933827
pina,word,-0.12374625335307274
 nl,char,-0.12383629273564438
rfu,char,-0.12384755553440079
sulit price,word,-0.12385772103668523
owe,char,-0.12391065659539026
oks price,word,-0.12391508787557744
ver,char,-0.12395119762064806
pa design,word,-0.12397542300013067
eos,char,-0.12404845170158914
wala damage,word,-0.12411601419166622
mini fan,word,-0.12420115632127773
cia,char,-0.12422577522409495
oly,char,-0.12428565026574398
mdy,char,-0.12439992790854257
mahilig,word,-0.12441145273003197
oki,char,-0.12453033931813663
hindi mag,word,-0.12463552201142891
seller thank,word,-0.12464310759664206
onting,word,-0.12471448947495938
salamat pa,word,-0.12472243763182828
dvi,char,-0.1248060638371495
gar,char,-0.12499543520307571
hag,char,-0.12513322391888304
safe nakarating,word,-0.12513708823325367
aim,char,-0.1253095782650133
december,word,-0.12535494708884148
recommended shop,word,-0.12541009394978722
rof,char,-0.12544437245431497
coz,char,-0.12552988782692748
rd time,word,-0.12557749728877765
dumating agad,word,-0.1255981226625436
flat,word,-0.12561981555365573
ulet,word,-0.12562097144315568
kaamoy,word,-0.12562966392486072
ave,char,-0.12577390166731517
seller kuyang,word,-0.1258361718485477
price mabilis,word,-0.125866731213946
mot,char,-0.12610211296452298
lagi,word,-0.12612105724460934
disappoint,word,-0.1261226076133457
lip,char,-0.12625271674852678
sock,word,-0.12632541234347602
nso,char,-0.1263554794815416
would,word,-0.1264290958905042
shopee seller,word,-0.126498083428156
sana lahat,word,-0.12654348489934883
 ya,char,-0.12656085444239035
aaa,char,-0.12658086287933784
eh di,word,-0.12660499499217867
uch,char,-0.12660772071437412
lum,char,-0.1266536908588169
uun,char,-0.12669869719948929
ni shopee,word,-0.12678633939730036
diko,word,-0.12692254577430404
feeling,word,-0.12692271756435597
smi,char,-0.126936353383377
isn,char,-0.1269382649570847
functioning,word,-0.12694731784476
godbless,word,-0.12700384241368426
ust,char,-0.1271094328617211
sya its,word,-0.12719317645723002
very useful,word,-0.12722204541088616
unl,char,-0.1272377237316706
ko my,word,-0.1273313273830954
fair,word,-0.1273793770997592
cas,char,-0.12740396535230852
 y ,char,-0.12740852084747048
sobrang sulit,word,-0.1274128159845202
etc,char,-0.12760148336884458
nma,char,-0.12761281242367883
comfy paa,word,-0.12761665378536705
shoes,word,-0.1278123659828851
tunog,word,-0.127960584954934
aesthetic,word,-0.12798002358644345
tw ,char,-0.12801102008189363
btw,char,-0.12801102008189363
 f ,char,-0.12812813102159828
tinatamad,word,-0.1281659946945044
tem,char,-0.12824633262313323
oz ,char,-0.12825356562876125
get what,word,-0.12826047892231318
nya maganda,word,-0.12858538628258095
di talaga,word,-0.12858770416185597
yong size,word,-0.12865527064695154
compatible,word,-0.12865570069908494
rider mabait,word,-0.12866283293866634
tig,char,-0.12874188517540225
rwe,char,-0.12904037678985145
sas,char,-0.12908150510625097
days bago,word,-0.12908414710585567
atu,char,-0.12911359866576522
tumagal sya,word,-0.12922862357023276
good ganda,word,-0.12940784585228401
hhh,char,-0.12941537903238542
ahu,char,-0.12945399841245953
naorder,word,-0.1294905019076936
size liit,word,-0.1295042638643229
hindi talaga,word,-0.12951373937738858
bayad ko,word,-0.12954498297381342
hanggang ngayon,word,-0.12960734118241463
nou,char,-0.12968663944593647
opr,char,-0.12968745208011334
seller mabilis,word,-0.12981554995150224
order kona,word,-0.1298752523527899
to ,char,-0.12998404741644284
parts,word,-0.13001663562358434
eff,char,-0.13007164842864483
you padin,word,-0.13008052261717779
hmm,char,-0.13018599115381524
bilis lng,word,-0.13021177358828573
lud,char,-0.13021527058015336
pong,word,-0.13028393270046693
oli,char,-0.13028572942419772
makapal tela,word,-0.13031712435041126
beautiful,word,-0.1304280147590043
gfa,char,-0.13045476182680193
nakakatuwa,word,-0.13050338620543925
sis,word,-0.1305147780834417
rav,char,-0.13052154855429085
maganda cia,word,-0.13053287171482758
nhn,char,-0.13057482679374735
di gumana,word,-0.13062531633364988
great quality,word,-0.1307593335558314
inside,word,-0.13077852842085377
kaliwa,word,-0.13084007928816732
tro,char,-0.13095008850722825
nagchacharge,word,-0.1309762495352934
lng kc,word,-0.13106099568196436
maganda products,word,-0.13110698604493823
hus,char,-0.13117389635071272
 aq,char,-0.13123050159386612
cute nya,word,-0.131284099593051
napaka ganda,word,-0.1313081977792866
padding,word,-0.13137953144464334
accommodating,word,-0.13139408726276902
dahil maganda,word,-0.13157073636398497
gagawin ko,word,-0.1315885559462896
ald,char,-0.1318301978463001
protection,word,-0.1318656258237597
kah,char,-0.13190289458052265
gumagana,word,-0.1319351592234475
tif,char,-0.13195868251918141
dissapoint,word,-0.13204224360040948
nga sya,word,-0.13204714946438006
ri ,char,-0.13219113140297709
lng ok,word,-0.13229249221700465
niv,char,-0.13230165650252573
ko thank,word,-0.1323380807017919
ory,char,-0.13240173366762242
gold,word,-0.13246781883139094
siw,char,-0.13248073628335982
comfy sya,word,-0.1325217360499267
epe,char,-0.13260578163298606
seller nag,word,-0.13273000173612567
true its,word,-0.13287412737429646
maganda items,word,-0.13289294165300372
tid,char,-0.13292711917247038
quality price,word,-0.13293366780743765
pasko,word,-0.132941136298162
gs ,char,-0.13295774380639797
die,char,-0.1330760586308801
madikit,word,-0.1331470335342976
ple,char,-0.1331998870420889
alk,char,-0.13327434726976042
dumatin,word,-0.13342365298479716
xa kaso,word,-0.13348125356903168
bilis ma,word,-0.13348716083399276
typ,char,-0.13349286007780037
niw,char,-0.13356256854006912
purifier,word,-0.1335905675548283
ko after,word,-0.13361158502883735
long lasting,word,-0.1336286082135005
lin,char,-0.13372395562918155
bet bet,word,-0.1337503481205571
pinadala hindi,word,-0.13384225882936682
complete lahat,word,-0.13389744092577252
merry christmas,word,-0.1339307759207288
slamat,word,-0.13396670785861858
ko nga,word,-0.13421935352203912
 tt,char,-0.13425166292288931
everything,word,-0.1343439329055134
cid,char,-0.13438224362894918
sana effective,word,-0.13448796130541188
tugma,word,-0.13450162931437967
lenovo,word,-0.13456890359317725
gusto pa,word,-0.13461302105807102
smells,word,-0.13461896969004847
lom,char,-0.13468434747030952
ko nasa,word,-0.1347203915607966
ikm,char,-0.134741923391901
maganda may,word,-0.13482214285843616
blue black,word,-0.13482454130219523
mamahalin,word,-0.134825336409805
bt ,char,-0.13485082870992365
dik,char,-0.1348768891143513
uys,char,-0.13494607475033993
ko magamit,word,-0.1349461445493711
piro,word,-0.13500643453602884
charger,word,-0.13503689181218212
special,word,-0.13511810931899812
uu ,char,-0.13512079408530295
ambiance,word,-0.13512920714623128
ort,char,-0.13517412753350735
dumating isa,word,-0.13526389605895878
bango nya,word,-0.13531548232033785
scratch,word,-0.13535704147260433
pon,char,-0.13536953944558994
odd,char,-0.13539082137758443
ppl,char,-0.13542274669781296
nus,char,-0.13548092398951803
update,word,-0.13585130817580102
dle,char,-0.1358674467000626
quality,word,-0.13594489026518233
yot,char,-0.13599508782318764
mascara,word,-0.13614244731243408
hng,char,-0.13618174644912517
nag send,word,-0.1361836994253601
 xc,char,-0.13622816685319375
dja,char,-0.13627843799464584
yong isa,word,-0.13629525060349992
affordable pa,word,-0.136466909603188
gaganda,word,-0.1365372855862234
mukang matibay,word,-0.13661259996090633
overall okay,word,-0.13669838764236253
cts,char,-0.13671389058712133
sayo seller,word,-0.13671986031804398
bet,char,-0.1367460220074359
bear,word,-0.13682816033909817
thankyouu,word,-0.13689036803332338
ko muna,word,-0.13689337995104303
hope will,word,-0.13706717289790182
awe,char,-0.13709754475639133
hun,char,-0.1371632035685742
design,word,-0.13731731830706342
function,word,-0.1373260804647362
rdy,char,-0.13744764981798163
receive,word,-0.13761178848522945
gb,word,-0.1376625158516793
kaso not,word,-0.13768789909974596
correct color,word,-0.13771798165758303
imu,char,-0.13776575762271784
sakto lng,word,-0.137772187914613
delivery kaso,word,-0.1377914037077048
super affordable,word,-0.137940699154379
okay kaso,word,-0.1380024843483198
 wk,char,-0.13802987494430938
quality ok,word,-0.13822402012925672
kasya,word,-0.13823201685689532
dahil mura,word,-0.138253366563161
cguro,word,-0.13829075586289657
maubos,word,-0.13850514919930573
aah,char,-0.13862030221885038
tse,char,-0.13883650494972827
ko items,word,-0.13890799017239497
pillow,word,-0.13893173601005798
gyo,char,-0.13895693775607873
ingat,word,-0.13898799775324663
ok namn,word,-0.13905029152563098
bit,char,-0.13911365924397812
goods sya,word,-0.13920449983267424
buti nalang,word,-0.13931968105232626
ej ,char,-0.1394463583728866
pang bahay,word,-0.13951993395319237
mga,char,-0.13953800825954324
rom,char,-0.1396422683424328
dhil,word,-0.1397330461379473
upon,word,-0.13974834019752602
delivery rider,word,-0.13979973503333748
but black,word,-0.13992515058589872
sig,char,-0.13995434636854168
 gb,char,-0.14000622817041328
buhok,word,-0.140072974035848
music,word,-0.14011625705304384
ipe,char,-0.14016512254623645
kase hindi,word,-0.1401791645426912
gift ko,word,-0.14032505137003498
nch,char,-0.14035958635956813
kahit,word,-0.14043528870276997
ok xa,word,-0.14044571971489564
nmm,char,-0.14044861055792426
sana matagal,word,-0.14064910002005093
ibang item,word,-0.14066256251591674
mid,char,-0.14071040012254277
ko may,word,-0.14091369858401664
eiv,char,-0.14093150885995034
son,char,-0.14093568873263457
scr,char,-0.14095736352067656
nmn items,word,-0.14096600569025636
size hindi,word,-0.141007694804505
gdi,char,-0.14104531475650872
salamt,word,-0.14111042949977934
age,char,-0.1411336115514623
ewa,char,-0.14117550753837088
ac ,char,-0.14142873995589614
ko hehe,word,-0.14143286211710493
rds,char,-0.14144195038661186
kids,word,-0.14158699915082879
nanay,word,-0.1416370972627356
tumama,word,-0.14164835407244955
square,word,-0.14173364379583625
ler,char,-0.14175911540472821
sui,char,-0.14177309748148773
except,word,-0.14181930788377348
xtt,char,-0.14183923984977637
 io,char,-0.14203989162804423
akd,char,-0.1421251390160525
quality kaso,word,-0.14223419686668556
ok product,word,-0.14229819243274217
ru ,char,-0.14233223824058885
 gc,char,-0.14245849982686273
almost weeks,word,-0.14250843080554512
makapal,word,-0.14254082538192273
ganda nung,word,-0.14254587224565127
stu,char,-0.14258242230569998
talaga product,word,-0.14279280016540222
nav,char,-0.1429821092166623
iba iba,word,-0.1431090709470519
stickers,word,-0.14318123475028954
seal,word,-0.14332471261818297
watery,word,-0.1433699164858264
 ks,char,-0.14361139087223757
gsu,char,-0.1436412764635567
aut,char,-0.14368073085399502
zor,char,-0.14399638440658694
ordering,word,-0.14401331599313746
 mp,char,-0.1440655357873055
love color,word,-0.14408470120335012
coz,word,-0.14415634857295928
box nya,word,-0.14416602315816682
 ni,char,-0.1443691824150183
natry,word,-0.14448220630133482
naorder ko,word,-0.14463725436232167
asawa,word,-0.14464482446624688
aci,char,-0.14487456025626694
wla,word,-0.14497041513994807
mabilis ship,word,-0.14516966982122148
lha,char,-0.14518280363284933
wala akong,word,-0.14533360912251067
opening,word,-0.14536161828237776
gto,char,-0.14538334276388376
details,word,-0.14539236421898333
ki ,char,-0.14549708241112588
inaayos,word,-0.14553520284101418
 g ,char,-0.14564901638763228
uls,char,-0.14579594158004983
ov ,char,-0.14579764893659616
sobra,word,-0.1458044385263071
super nice,word,-0.14587397401997004
sale,word,-0.14591314263277017
dq,word,-0.14601218792499554
aantay,word,-0.14613548809219812
oys,char,-0.14615841599879278
sakin wala,word,-0.1462736582168934
legs,word,-0.14627663273519945
chat seller,word,-0.14657572265606236
bilis pa,word,-0.1466926897001471
gbi,char,-0.14673606281638596
hik,char,-0.14679882803999905
okay items,word,-0.1468392394972643
worth sya,word,-0.14685196506675566
beses ko,word,-0.1468587934125224
odu,char,-0.14693245410012515
 gu,char,-0.14697093949581627
nya,char,-0.14749187793296129
pic,char,-0.14777514760330776
complete items,word,-0.1477892042445827
susunod,word,-0.14787111584683532
tya,char,-0.14797139322926992
sulat,word,-0.14804127619213475
nakakalinis,word,-0.1480858597069136
rov,char,-0.1481044665766072
ok ok,word,-0.14828727119021795
mode,word,-0.14833767891273095
dim,char,-0.14843978315146156
delivery days,word,-0.14848077676142846
took days,word,-0.14855125914677267
laa,char,-0.1486837654885249
bago mag,word,-0.148797305379252
siguro,word,-0.14890209140614025
pad,char,-0.1489986432882233
however,word,-0.1490407587587994
 dz,char,-0.14919567556689442
dza,char,-0.14919567556689442
ria,char,-0.149210261766366
nauna kong,word,-0.14948590672673998
tec,char,-0.149598898516059
hour,word,-0.1496729029150564
give stars,word,-0.14979952156248563
utu,char,-0.14999998530706612
lph,char,-0.1501428177581892
recieve ko,word,-0.1501668753632771
mahaba,word,-0.15022437766615473
sya good,word,-0.15026087944052138
ko parang,word,-0.15030114600415678
gse,char,-0.1503988000572399
life,word,-0.15046138000316542
kus,char,-0.15087234434032487
its,char,-0.1509842325556585
urp,char,-0.15109193577787014
swear,word,-0.15109216271012332
quality very,word,-0.15149108335757108
kaso pink,word,-0.15166792845875468
lalo pag,word,-0.1517431954614676
kitchen,word,-0.15177071339233153
sides,word,-0.15179698884941092
guy,char,-0.1518673432890895
napansin,word,-0.15186747846403012
ineexpect,word,-0.1519387474448944
mfo,char,-0.15212624108302805
fix,char,-0.1521957215999979
suggest,word,-0.15222706574049197
limited,word,-0.15235910164478042
myself,word,-0.15245816432710896
make sure,word,-0.15267254435696528
lur,char,-0.1527295755174246
tip,word,-0.1528119343376653
pede,word,-0.1528783752164647
quite good,word,-0.15299435974240405
pay,word,-0.1532094484705939
tried yet,word,-0.153328547431315
binigo,word,-0.1534736438095053
receive ko,word,-0.1534944212535349
same size,word,-0.153529404539543
google,word,-0.15368324197370942
nagustuhan,word,-0.15379281962652727
tor,char,-0.15388831040295786
safely,word,-0.15394448286772275
nya kaso,word,-0.15394714557023778
cee,char,-0.15398481597596825
liit pa,word,-0.15404097539212017
suot,word,-0.1540487861356755
xtr,char,-0.15407309315079593
clu,char,-0.15412510014242506
aze,char,-0.15419526059919336
also,word,-0.1542139480753209
ena,char,-0.15421460369370943
tma,char,-0.15421568209707992
npd,char,-0.15421591301815868
glue,word,-0.15427184624193166
fake nails,word,-0.1543782941252345
tumawag,word,-0.1543895626330846
rod,char,-0.15440735745033282
black but,word,-0.15457752006614292
had,word,-0.15458268087846408
time sana,word,-0.15460027626507894
ren,char,-0.15475414810677704
bf ,char,-0.15480136816109785
mawala,word,-0.15510241693636168
hib,char,-0.1551891452168206
di madaling,word,-0.15522855402241897
 nf,char,-0.15524646059853303
tia,char,-0.1555050397580626
kuy,char,-0.15560082142528875
weeks bago,word,-0.15562148887395644
if,word,-0.15562879241075378
bs ,char,-0.155746062097885
hirap,word,-0.15579852585060075
fragrance,word,-0.15585784459226656
cya,char,-0.155870674744754
same picture,word,-0.15589487247558864
order hindi,word,-0.1559190897085334
irt,char,-0.1559565684534011
iba design,word,-0.1560047872298606
ko gumagana,word,-0.15620465889741583
lasting,word,-0.15629240997544716
month bago,word,-0.1563075724951868
super cute,word,-0.15632496166963958
bawal,word,-0.15635211053418796
pe ,char,-0.15656602303561945
shipped out,word,-0.15664882414168818
syempre,word,-0.1566677345407195
hassle pa,word,-0.15667948804233134
bok,char,-0.1567580729305368
pala sya,word,-0.15684233041743945
osq,char,-0.1568881442086471
cre,char,-0.15695048931600392
baw,char,-0.15698464241521162
aza,char,-0.15699679656783372
oda,char,-0.15705015231219488
super comfy,word,-0.15709631667035995
photo video,word,-0.15719791076817216
lg ,char,-0.15724624047941094
upl,char,-0.1574435772408279
 ce,char,-0.1577018743134773
maganda product,word,-0.15778343113193988
aq ,char,-0.15780469986317056
medyo mabigat,word,-0.15787680071919227
iniba,word,-0.15790645213464957
wipes,word,-0.15793845057150122
tig,word,-0.15809569752123723
amazed,word,-0.1581550120513607
lim,char,-0.15815765190358264
urr,char,-0.1582039767085707
sooo,word,-0.15821188115711754
pambahay,word,-0.1583546859240022
hangin,word,-0.15842013863005752
tagal nga,word,-0.1585880475753464
stylus,word,-0.1586967497491117
okay item,word,-0.15872908294174626
tibay,word,-0.15880115285197463
sana magtagal,word,-0.1591744852298426
 wi,char,-0.15923287160288266
yng,char,-0.15932471112836488
ads,char,-0.15934841424192883
bait,word,-0.15938384085257315
uum,char,-0.15963848965538366
super duper,word,-0.15974400955744877
duper,word,-0.15974400955744877
fiv,char,-0.1599363054135838
ool,char,-0.15997270280629203
umorder shop,word,-0.15997763137679577
ko expected,word,-0.1600833992359713
lahat items,word,-0.1601115848534642
ots,char,-0.16012060854747096
un nga,word,-0.16017897679422013
bilis nya,word,-0.16034969406725028
received complete,word,-0.16057298753145116
many times,word,-0.16065450159782937
nahirapan,word,-0.1606992424829142
bia,char,-0.16070322460684194
 cy,char,-0.16085315601881187
lot,word,-0.1608573387977323
ganda tela,word,-0.16088054719093423
asawa ko,word,-0.1608815864117103
working sya,word,-0.16099299385548468
suo,char,-0.16116270406120628
ckf,char,-0.16129621040772676
kht,char,-0.16154819292322692
eha,char,-0.1615692870150981
malakas fan,word,-0.16160583100513695
esh,char,-0.161625447528406
ko kay,word,-0.16163790252289995
ordered size,word,-0.16167461247486883
low price,word,-0.16178535507833805
swi,char,-0.16205566241342056
ubt,char,-0.16211747646382205
xia,word,-0.1622715104064461
lah,char,-0.16232428703257026
now,word,-0.16232680002058641
rue,char,-0.16256786376857418
same color,word,-0.1630425187692054
rok,char,-0.163107604007394
aks,char,-0.16315659967261753
pab,char,-0.163235335035143
lll,char,-0.1632597024546445
si,word,-0.16326323366548479
egu,char,-0.16348177136339198
so dapat,word,-0.16361012442643535
quality item,word,-0.16369297509588257
tiv,char,-0.1637958132854274
ebi,char,-0.1638226650117254
maganda quality,word,-0.16384462159703472
third,word,-0.16395893714883844
sla,char,-0.1639594321954384
ko since,word,-0.16404373057838045
maintindihan,word,-0.16410518091028167
part,word,-0.16413400886359364
mpu,char,-0.16422167804699353
on ,char,-0.16426685376724862
di mag,word,-0.1642797018432246
pagdeliver,word,-0.16433410349592706
xt ,char,-0.1643408042537466
enn,char,-0.16468226089439741
ilagay,word,-0.16476085952015593
hly,char,-0.16479133465378346
tyy,char,-0.16493511481144157
magaganda,word,-0.16500680151648028
amoy parang,word,-0.165141872591254
bilis delivery,word,-0.1653209234950545
mdyo,word,-0.16537225186055127
moo,char,-0.16541765821214244
tic,char,-0.16546394987787535
 mb,char,-0.1654952128313175
follow,word,-0.16551735612444252
mabilis delivery,word,-0.1656042777738876
pee,char,-0.16571045302751622
hand,word,-0.16582139789706907
 so,char,-0.16586411785977873
pda,char,-0.16598831986947113
color size,word,-0.1660988333866823
sana eh,word,-0.16627066350154399
ganda kaso,word,-0.1663142884616372
good its,word,-0.16636036490924938
napadala,word,-0.16644994121041343
gup,char,-0.16673148184306313
good job,word,-0.1667350511163049
kooo,word,-0.16704515618703744
good condition,word,-0.16706527134667484
matagal sya,word,-0.16718601378713277
ini,word,-0.16719640579135747
pty,char,-0.16744751109635023
nsy,char,-0.16748522752198075
maganda kaso,word,-0.16759600698322205
goods lahat,word,-0.16765955555629197
sue,char,-0.1678458225699145
sur,char,-0.16815387057556913
one piece,word,-0.16823237369064029
kain,word,-0.16828844862657907
garter,word,-0.16831123204733003
nkf,char,-0.16841219888517853
tal,char,-0.16847975849861604
seller if,word,-0.16860467400733142
ity,char,-0.1686931310132791
up,word,-0.169051981442125
hic,char,-0.16905664251880032
ordered last,word,-0.16909155151887384
ehu,char,-0.16941591572422138
pwedeng,word,-0.16946879304338278
pwr,char,-0.16955020143972377
ok hindi,word,-0.1696609764182895
point,word,-0.16969918769916073
pocket,word,-0.16986376677021514
oil,word,-0.16997013785363382
bri,char,-0.16997463778240857
perfume,word,-0.17002359493818264
seller maganda,word,-0.17003363349679818
ntu,char,-0.1701138355091198
kama,word,-0.1701680925539783
ilh,char,-0.17018559315100829
satisfied,word,-0.17021123124715004
medyo maingay,word,-0.17025061308012812
before ship,word,-0.17026028060916779
lte,char,-0.17029295450185158
kumpleto,word,-0.170419139304411
days,word,-0.1706532860850136
again soon,word,-0.17069794671949998
away,word,-0.17078643907723073
buti lng,word,-0.17081775776129965
kaya,word,-0.17091337357504688
saw,word,-0.1709346566652061
dadating,word,-0.17098222972542665
sil,char,-0.17108249489996286
nman quality,word,-0.17112511212750434
rpi,char,-0.1711950421513935
yong items,word,-0.1712411261663763
lsa,char,-0.17124903657273063
ding,word,-0.171253642734368
gtu,char,-0.17140613596931784
qoh,word,-0.1714195339245112
sipon,word,-0.17143615166030343
pa nya,word,-0.17154813280607997
ko talaga,word,-0.17162785808249176
dumating but,word,-0.17219932669775956
ko ngayon,word,-0.17224016954719082
bathroom,word,-0.17235531593144396
all all,word,-0.1723590197749808
tuyo,word,-0.17245984221829547
ko worth,word,-0.17259474381461135
item wala,word,-0.17262234198491544
ko kulay,word,-0.17265009890053232
 al,char,-0.1726712793350224
kuya rider,word,-0.17274603642920755
perfectly,word,-0.1727563367579141
 bf,char,-0.1727865684500862
parang amoy,word,-0.17285918759856025
wat,char,-0.17291051140342903
since mura,word,-0.17309665238011684
my order,word,-0.17329457305462137
roll,word,-0.17343941680528244
liw,char,-0.17346643667925515
pabango,word,-0.17358124763677177
chested,word,-0.17358227050872807
ko mabilis,word,-0.1735959304713351
medyo disappointed,word,-0.17360526253305242
di sya,word,-0.1736168423000458
sound quality,word,-0.17372651782046453
oot,char,-0.17381849478977213
maliit lng,word,-0.1738828561351817
ngustuhan,word,-0.17391075115880353
maganda nmn,word,-0.17396014765417334
imm,char,-0.1740996574787712
 vi,char,-0.17416090776626514
seller okay,word,-0.17420848582521326
you pay,word,-0.17424514162843255
eam,char,-0.17442226480875553
 nr,char,-0.17444692915777218
cgu,char,-0.17444780769611004
oos,char,-0.17452625563407084
useful,word,-0.17461124856404026
eka,char,-0.17469594111652922
nov,char,-0.1747025507763935
nman sana,word,-0.17471079530415046
tama color,word,-0.1749041806798806
cartoon,word,-0.17521077066723714
merry,word,-0.17538590094553988
original,word,-0.1755128807210304
tatak,word,-0.17555121137712337
ero,char,-0.17559478597636813
kay seller,word,-0.17568038601834643
eas,char,-0.17579676043590065
item ko,word,-0.17586630681158663
ghi,char,-0.17592466270740395
anlaki,word,-0.17598434463408394
ayaw mag,word,-0.17608777383567753
tes,char,-0.17615294796133485
dmt,char,-0.1762380108731116
ied,char,-0.17638470371010204
araw araw,word,-0.176434559514165
tlo,char,-0.17646835895650667
 em,char,-0.1764841537978847
wir,char,-0.17651747499761966
meron,word,-0.1767221208819986
ndy,char,-0.17688777703350406
bug,char,-0.17697562418153368
goods item,word,-0.17698390479740364
but all,word,-0.17700545657881328
kik,char,-0.1770174701778268
switch,word,-0.17702807283263017
ipm,char,-0.17711443982665606
rta,char,-0.17714528858356537
cep,char,-0.17718897048655624
nakarating sakin,word,-0.17724481803418773
jogging,word,-0.17755393896483365
kaso isa,word,-0.17795217025959859
mag size,word,-0.17795543859712906
stm,char,-0.17806972133471669
but good,word,-0.17811127147106262
vry,char,-0.17814539641287147
dug,char,-0.17826544937634722
nasa picture,word,-0.17846537437777074
papa,word,-0.17849080196708378
 le,char,-0.17892143676543174
cla,char,-0.179169125802427
abr,char,-0.1794436559733257
ejo,char,-0.1794957967225808
hnk,char,-0.1796652762143359
charging,word,-0.17975569916052964
so nice,word,-0.17982423512661466
inabot,word,-0.17997348305631658
tama,word,-0.18003367123696648
ibang store,word,-0.18003536637388784
ganda quality,word,-0.18004800134948984
pang,word,-0.1803452221376953
thankful,word,-0.18047754249370684
net,char,-0.18070366358961407
isa may,word,-0.18078509214046157
lt ,char,-0.18080375535967863
tnx seller,word,-0.18082022286787192
ko ibang,word,-0.1809253968549757
face,word,-0.1809618899229889
balot,word,-0.18116030939031347
th ,char,-0.1812016626039263
kuya,word,-0.18125502925693265
hop,char,-0.18143481616806145
something,word,-0.18162290123739938
medyo malaki,word,-0.1817425032073712
ya,word,-0.18192591872744934
parehas,word,-0.18194475622972225
dumating kaso,word,-0.1819485909168734
ordinary,word,-0.18195225814723628
delivered,word,-0.1819711031553
vanilla lace,word,-0.18229627893795675
don know,word,-0.18234257853916863
anf,char,-0.18241550470817436
sac,char,-0.18254071098042116
sisi,word,-0.182632109386531
su ,char,-0.18269382514661256
sana susunod,word,-0.1826981136490384
functional,word,-0.1827049699044802
durable,word,-0.18273003837688492
so ,char,-0.1827503572199309
wait,word,-0.18277365544015853
orders,word,-0.18277829642610605
khaki,word,-0.18278408984131714
aay,char,-0.1829500386118166
btw,word,-0.18299773975476857
less than,word,-0.18313112761755865
tuh,char,-0.18313785804018448
ayl,char,-0.18322870783299924
thn,char,-0.1832864194741398
rid,char,-0.1838926726770615
cel,char,-0.18400053511800016
rng,char,-0.18403242531781153
tua,char,-0.18405352076692866
ize,char,-0.18415804652857914
nails,word,-0.18463612193144058
ibb,char,-0.1848343083781718
unt,char,-0.18492615374391927
 sa,char,-0.18505236654277146
sweet,word,-0.18508475865232915
its good,word,-0.18517565737989253
uio,char,-0.18519476885711517
white color,word,-0.1851964936852561
aya,word,-0.18540749392483635
sakin hindi,word,-0.18544032373103433
who,word,-0.18548956196564848
lalagyanan,word,-0.18549863503371453
their,word,-0.185548314324169
wea,char,-0.18554992422960448
upo,char,-0.18564011489708068
eat,char,-0.18566924436819937
kasama ko,word,-0.1857989505443557
order shop,word,-0.18591738646649572
nag deliver,word,-0.18592631734383333
fec,char,-0.1860330866885506
effective sya,word,-0.18606347557574562
gnda,word,-0.18616425572048517
dumating nag,word,-0.1863515595209002
my second,word,-0.18638690290046492
ilt,char,-0.1864652993736489
lpe,char,-0.18672600695479075
wrap buti,word,-0.1867739533911682
you have,word,-0.18689818710668202
mosquito net,word,-0.18691070753291297
aside,word,-0.18698880527225473
madali sya,word,-0.18717315594819706
cuc,char,-0.1873708332466412
ucu,char,-0.1873708332466412
manipis di,word,-0.18739712851577506
ut ,char,-0.18746573389512491
ner,char,-0.18747019419456015
saan,word,-0.18750429959075618
kang,word,-0.1875854606557095
hty,char,-0.18760911285011994
ier,char,-0.18761717218339252
complete order,word,-0.18763241269654604
soo,word,-0.18767502576324593
vac,char,-0.18790180385016253
may maliit,word,-0.18809672009208753
tum,char,-0.1884172025041205
hubby,word,-0.18851798055807964
pme,char,-0.18867477270324387
saktong,word,-0.18867593229771512
ask,word,-0.18871678864036617
air,word,-0.1890047481362811
binayaran ko,word,-0.18931819647136017
masuot,word,-0.18936511276890775
ko yong,word,-0.1894395323333432
dati,word,-0.1894730912690874
yla,char,-0.18950610677890814
deo,char,-0.18964470708201817
sensitive,word,-0.18966254140410438
ird,char,-0.18973564497901138
him,char,-0.1899140255026527
iki,char,-0.19000912044893797
hli,char,-0.19010398292350317
mam,char,-0.1902535109314073
shades,word,-0.19030583263816409
january,word,-0.1903296322015319
squ,char,-0.1903437593526762
ice,word,-0.19038796553064521
audio,word,-0.19046257942983466
kahit nag,word,-0.19057217747607957
dua,char,-0.19060787655248795
parin,word,-0.19074256456962455
prang,word,-0.19091700438660306
ul ,char,-0.19095721943325764
tag ulan,word,-0.191329037928433
mir,char,-0.1914411762258163
iiw,char,-0.19146003481861845
kna,char,-0.19156267557050605
ols,char,-0.19184960952146665
kaso wala,word,-0.1918586227690839
daw sabi,word,-0.19187027155939457
nya pag,word,-0.19194272533003306
ils,char,-0.19214800622348616
kapatid,word,-0.19234128548335974
pa try,word,-0.19241403494876963
kahit may,word,-0.19256342427839948
ue ,char,-0.19262535587129576
good ok,word,-0.19265009821687093
ma am,word,-0.1928289655786481
maz,char,-0.19295844618510352
just got,word,-0.1930433837946819
poc,char,-0.19314414633475663
nec,char,-0.19314735249810394
kulang isang,word,-0.19321010010661063
yet but,word,-0.1933866912891808
wide,word,-0.19398015664075366
nothing,word,-0.19418790350819312
ct ,char,-0.1941933447367259
may yupi,word,-0.1942376648585494
anyway thank,word,-0.19424738531466096
ayon,word,-0.1942595128037252
tag,word,-0.19430212926546736
ko nalang,word,-0.19432159902229038
ppr,char,-0.19434332628355014
seller shopee,word,-0.19503936407384947
lakas hangin,word,-0.19509077922046317
kap,char,-0.19517447031851193
plastik,word,-0.1952452836633242
binigyan,word,-0.19527258429776712
mur,char,-0.19527691972551156
eyb,char,-0.195591735375265
ahh,char,-0.1955950538917208
car,char,-0.1956190298412165
exact,word,-0.1956610610167502
 wl,char,-0.19629868379120893
dry,char,-0.1963694479536923
idd,char,-0.196436439477475
ygo,char,-0.19653494106688257
expectations,word,-0.19690730454414082
okay lahat,word,-0.19694944737500544
pang araw,word,-0.19712574578660974
ouu,char,-0.19715630791832625
kie,char,-0.19721568083561566
kahit matagal,word,-0.1972286288957429
from shop,word,-0.19737174151884473
sip,char,-0.19753010965612142
dnt,char,-0.1975497355081858
nok,char,-0.19760833600629693
kamay,word,-0.1976558068867538
mej,word,-0.19788986394074912
sya naka,word,-0.19811768951292025
rts,char,-0.19816573488114236
bu ,char,-0.19819122363955696
xes,char,-0.19820559408383606
good kaso,word,-0.19831302822588476
free,word,-0.19844489473832222
 me,char,-0.19856411245520086
thi,char,-0.19866723912158557
nov,word,-0.19876896178459386
seller rider,word,-0.1987696965105854
gmi,char,-0.1988425036726351
oup,char,-0.19886450970727537
thick,word,-0.19890199283036075
hie,char,-0.19910623494566404
bun,char,-0.19916927160000975
prn,char,-0.1992059839763281
nadeliver,word,-0.19939283241267725
kanan,word,-0.19949220150100594
pwd,char,-0.19951890064068167
maliit pala,word,-0.19960750318729878
stick,word,-0.20026049720389225
walang kulang,word,-0.20045954652813883
si baby,word,-0.20048163976123537
its working,word,-0.20056397559785577
hig,char,-0.2006171293678383
good price,word,-0.2006402278248882
agu,char,-0.200650026640679
 uu,char,-0.20080259624280714
kun,char,-0.20090298972221193
matte,word,-0.2010655457904273
item ok,word,-0.20120381986829022
feel ko,word,-0.20121560059607066
isang side,word,-0.2012347458702389
nam,char,-0.2015904759518733
hha,char,-0.2016989603838468
 ac,char,-0.20178433492257916
nts,char,-0.2018042108698124
gcash,word,-0.2018809648730573
umo,char,-0.20210440028866716
ginawa,word,-0.2021918447585283
hub,char,-0.20229356205983212
dag,char,-0.20235596497494615
din,char,-0.20237383961382183
order kong,word,-0.20240964161242822
 pm,char,-0.20246875805937534
kaso sana,word,-0.2026821445222854
 xa,char,-0.20271927466294382
haven tried,word,-0.2027391315639992
pa nagrereply,word,-0.202747813014786
satisfied customer,word,-0.20299773302551619
ls ,char,-0.20310543950140222
 oi,char,-0.20314754403928517
isuot,word,-0.20321045472902174
deliver,word,-0.20321341294948206
check bago,word,-0.20342525559909297
lahat kaso,word,-0.2035711581431903
maraming salamat,word,-0.20371134547606656
lk ,char,-0.20382098635310822
muk,char,-0.20396770705508313
fum,char,-0.20397931649389747
well package,word,-0.20428498587647215
kompleto,word,-0.20435036669880602
variant,word,-0.20458482593875016
got my,word,-0.20460546667031954
but so,word,-0.20460958401940468
option,word,-0.20481066631907682
maigi,word,-0.20499042130424078
pex,char,-0.20513632464173395
friendly,word,-0.20530861785607754
malaki sya,word,-0.20543648607098144
nakuha ko,word,-0.205438119943153
gge,char,-0.2056147046520779
rth,char,-0.20561741458161245
ug ,char,-0.20591094754151731
nagustohan,word,-0.2059699109140851
nice product,word,-0.20597932783847178
item sakto,word,-0.20601925507457933
pm ,char,-0.2060620353734871
worth pag,word,-0.20633852512035095
nail,word,-0.2064243785659579
ror,char,-0.2064358580284436
pang gift,word,-0.20662357760630412
oil,char,-0.20674384300414736
true,word,-0.2069330711777556
alt,char,-0.20705313893409527
higaan,word,-0.20707706863383246
kid,char,-0.20738386099423836
bie,char,-0.20743890461374062
but fine,word,-0.2075824670949199
isang pouch,word,-0.20759993653256553
ko super,word,-0.2078801914455329
ide,char,-0.20797042309999503
nat,char,-0.2079959199583961
good maganda,word,-0.2081537299377977
suitable,word,-0.2082743180077058
natatry,word,-0.20848790479604543
my nd,word,-0.20862540552043718
chi,char,-0.20869069282421787
lot,char,-0.20871011904995604
like,word,-0.20877796782182284
aab,char,-0.20902878819381857
second time,word,-0.20931370636378155
kaso walang,word,-0.20934834894597049
ring,word,-0.20950709617738902
white maganda,word,-0.20954233927949373
ukt,char,-0.20971171280166487
ko hahaha,word,-0.20982727547249844
pinili ko,word,-0.209853621646629
lower,word,-0.2098851645300714
peru,word,-0.21028087768969114
mganda,word,-0.21043496709752627
last,word,-0.21080919808749188
rro,char,-0.21110186972462097
far,char,-0.2113766254938575
much seller,word,-0.21147568351501597
idu,char,-0.21150543180957104
ipang,word,-0.2115785187613792
lumaki,word,-0.21159219118869474
tug,char,-0.21179170276016232
tama lahat,word,-0.2119294243402088
heels,word,-0.21193868527467863
tso,char,-0.21204262786160136
she,word,-0.21211529126335116
rd ,char,-0.21221515991206322
tapos parang,word,-0.21226379375507895
will buy,word,-0.21231869348679422
 ye,char,-0.21240405108800772
ko umorder,word,-0.21246303198005753
bulsa,word,-0.2129353975148727
kulang binigay,word,-0.21335821944537572
igo,char,-0.21369995356825192
si ,char,-0.21393858767842266
nga mura,word,-0.21397868963349864
okay hindi,word,-0.21401671128387922
il ,char,-0.2141974052943876
pil,char,-0.21428821924389216
rsi,char,-0.21434019068641175
ses,char,-0.21450242890792998
bend,word,-0.2147485277293332
after days,word,-0.21475027708841996
otd,char,-0.21493432194467982
amoy amoy,word,-0.21502216670902607
gh ,char,-0.21504926158871285
pag hindi,word,-0.21518689239064662
 sw,char,-0.21538091739606557
opt,char,-0.21571342743592042
kayang,word,-0.21572333291256887
parang luma,word,-0.21593683262978472
time ordering,word,-0.21609364545950482
talaga,word,-0.21609974473942323
irp,char,-0.2161670007983441
comfortable,word,-0.21626589946974578
maling kulay,word,-0.21630127263515167
glu,char,-0.2163438646072703
mos,char,-0.21638499214750417
hoo,char,-0.21647549336406144
re ,char,-0.2165068275254755
kulang pinadala,word,-0.21654448408479957
pare pareho,word,-0.2165627437925781
edj,char,-0.21687718651328733
gets,word,-0.21690301599511358
pagbukas ko,word,-0.2171307222021337
presyo nya,word,-0.2172977885057534
wk ,char,-0.21738222422382403
white order,word,-0.21767537987724755
ordered blue,word,-0.21768060265337036
naship,word,-0.2177756890449552
piso,word,-0.2178351708782026
mataas,word,-0.21785765607387386
ads,word,-0.21787915723217233
coi,char,-0.21805474538272693
mukhang matibay,word,-0.2181900085635431
excess,word,-0.21829147114489966
ifu,char,-0.21839101971378885
how,char,-0.21842146645728236
kumakain,word,-0.2184515800412337
erw,char,-0.21863808827778725
 cg,char,-0.21869143921467982
pa free,word,-0.21869457474643522
items sana,word,-0.2188676909613131
ddl,char,-0.21888454005299568
gustong gusto,word,-0.21893149539211543
purchase ko,word,-0.21893754794294187
padala,word,-0.2194030732032202
cya,word,-0.2194092646128126
lalagyan,word,-0.21951687737560693
ko napansin,word,-0.2195959701000216
tska,word,-0.2196233334635849
nitong,word,-0.21963075491206407
di ganon,word,-0.2199525476932076
ko sobrang,word,-0.21996317395705403
ne ,char,-0.22002507595989387
deform,word,-0.22010958215200035
inc,char,-0.22042140319672412
tch,char,-0.22042623086976654
fix,word,-0.2205116520207743
bab,char,-0.22068746223396637
 mh,char,-0.22077809549811875
god,word,-0.22083900604964601
space,word,-0.2209624840053964
di masyado,word,-0.22103061429640805
pul,char,-0.22116906493609403
pwd,word,-0.22126608880532125
good thing,word,-0.221308457944556
kma,char,-0.22151985047829031
call,word,-0.2216322232491983
dapat,word,-0.2218959231365356
tie,char,-0.22216900772403142
tela kaso,word,-0.22235036879448988
katawan,word,-0.22240228563713021
ap ,char,-0.22249275957071551
div,char,-0.22250951387266837
sturdy,word,-0.22262945787441907
ty seller,word,-0.22283253806392242
dark,word,-0.22297189171414375
mura lng,word,-0.2233390588080567
wala nga,word,-0.22344960529450952
ido,char,-0.22354940269682522
maliit sizes,word,-0.2237142180250919
ps ,char,-0.2238741258666568
nadin,word,-0.22391556324253428
videos,word,-0.22410050079632418
nd time,word,-0.22413936016504638
packaging hindi,word,-0.22435240158896813
hahah,word,-0.2246179492872636
head,word,-0.2246213103798153
tyan,word,-0.22465040609598497
ssu,char,-0.22477037774617395
ginamit ko,word,-0.22481754768218498
mbilis,word,-0.2250321465912388
elf,char,-0.22567251708628533
uul,char,-0.2257640421436184
noo,char,-0.22587379143117173
masasabi,word,-0.22593887684613267
game,word,-0.22597433602202757
balahibo,word,-0.22600352297801463
bubble,word,-0.22608416134818746
sak,char,-0.22625606239479598
dumikit,word,-0.2263759817846684
okay di,word,-0.22641980508837117
surely,word,-0.22650307499733305
maging,word,-0.22656476802174247
price pa,word,-0.22660261514168803
what,word,-0.22676073081365908
mag,char,-0.2267672816317416
ko haha,word,-0.22694149065932276
ar ,char,-0.22699109921426894
alam,word,-0.22711232257759104
ko dark,word,-0.22711604270746058
correct,word,-0.22736767897767174
you get,word,-0.22761942583379072
onu,char,-0.227730102848575
price quality,word,-0.22782288727180475
ro ,char,-0.22783503150232465
dat,char,-0.2278837138396658
wet wipes,word,-0.22793343041377004
ern,char,-0.2280731632205208
api,char,-0.22831541030133798
napakaganda,word,-0.2284351922346908
kfu,char,-0.22852185030110606
iba amoy,word,-0.2287023484590232
ulan,word,-0.2287126762750333
sira sira,word,-0.22871755704909721
kup,char,-0.22896943623712274
disapoint,word,-0.22915973614008672
rest,word,-0.22945285653144598
enough,word,-0.22953594277795886
item but,word,-0.22968179470891786
cause,word,-0.2297062489960462
inform seller,word,-0.22972515908596539
bf,word,-0.2297966784182584
products good,word,-0.23013260522614298
nice quality,word,-0.23014499504245664
pm,word,-0.23016625000423582
 o ,char,-0.230208113252038
gaming,word,-0.23038829396286242
brown cat,word,-0.23072263521066824
pag di,word,-0.23096109139891902
kinabahan,word,-0.23097150944465744
vy ,char,-0.2311352668089385
tapon,word,-0.2311429708334865
feeling ko,word,-0.2312357974564732
ext,char,-0.23127341791932204
mahina,word,-0.23156165293608294
jelly,word,-0.2316171609114242
received my,word,-0.23163706811756998
ppy,char,-0.23176454420023634
sit,char,-0.2319842698361785
dark gray,word,-0.23240424791181002
ask,char,-0.2326354838341803
rating,word,-0.2326848454284105
issue,word,-0.23278039191016583
 tr,char,-0.23313011512268433
nakabubble,word,-0.23313206610121348
nakabubble wrap,word,-0.23313206610121348
atr,char,-0.23315990291140362
 ai,char,-0.23317811808359723
pps,char,-0.23322327217073535
nasunod gusto,word,-0.23323371481240887
color pinadala,word,-0.23344548576676205
size nya,word,-0.23375326506107186
presyo,word,-0.23379178023119532
sya gamitin,word,-0.23379991096900413
nagtry,word,-0.23405147222086073
very satisfied,word,-0.2342254708015923
words,word,-0.2342277424890168
seller kay,word,-0.23456382467116688
kailangan mo,word,-0.23475038849865418
aby,char,-0.23481988618985342
very light,word,-0.23485836319726616
tent,word,-0.2349532073986887
expected,word,-0.23525691489878167
ko dahil,word,-0.23530533487243624
ob ,char,-0.23566900957641532
mahina hangin,word,-0.23581365039451804
nmn xa,word,-0.23594039331120253
sof,char,-0.23602273014695513
chr,char,-0.2362056835090984
hih,char,-0.23631759452946677
shipped,word,-0.23644695234897992
ko nlng,word,-0.23666945557435812
second,word,-0.2367315221704846
fon,char,-0.2367407184643584
sending,word,-0.23682520127064366
gui,char,-0.23687553498096023
nai,char,-0.23699811091104442
nagbigay,word,-0.2371982846364692
bago dumating,word,-0.23732597704892539
malaki,word,-0.2377189347182867
ush,char,-0.23775256658246965
ike,char,-0.23776638664641786
bilis shipping,word,-0.23788339708399966
okie,word,-0.23804017927433643
 yn,char,-0.23815413730766993
solid,word,-0.23823729436630042
mmm,char,-0.23833777201487033
kso,char,-0.23846746719836023
hil,char,-0.2385297275993574
jas,char,-0.2385547823310099
expect ko,word,-0.23860097280887532
ska,word,-0.23888919279321463
alu,char,-0.23896989320939907
ilv,char,-0.23910931306051578
will last,word,-0.2391329936467112
baka,word,-0.23914491692722503
uha,char,-0.23925846069610168
 ge,char,-0.23929413101036717
dus,char,-0.2393258706213976
lagayan,word,-0.23942875109935985
walang amoy,word,-0.239486238489018
isang order,word,-0.23949933818402186
items good,word,-0.23953665255701784
tel,char,-0.23955382201016112
true size,word,-0.23976768255051528
stl,char,-0.24008155953426588
acu,char,-0.2405230555987131
isa hindi,word,-0.24064247179792292
did not,word,-0.2407803580244437
raw,char,-0.2408350092046815
pag,word,-0.24087268035571127
exc,char,-0.24088844154250727
sikip,word,-0.24092922091592142
makes,word,-0.24096968548236417
haven,word,-0.24107516095452805
super laki,word,-0.241544602807065
thankyou seller,word,-0.2415521303902779
aff,char,-0.24160221936232537
gaano,word,-0.24166677614325502
too small,word,-0.241832474587816
malambot paa,word,-0.24195751787576147
dapat pala,word,-0.2421405984111295
all,word,-0.242150381128411
rpr,char,-0.24232714248567305
overall maganda,word,-0.24244052810316694
ix ,char,-0.24255816936098096
from,word,-0.24308613333706902
thanks pa,word,-0.24320819004741168
shipment,word,-0.2432095667321245
boa,char,-0.2433243474648269
mosquito,word,-0.2434240797911913
walang wire,word,-0.24358963727745905
ganda nya,word,-0.24368605938648574
nee,char,-0.24374469097280294
nim,char,-0.2441836047289931
like candy,word,-0.24422318633153534
ko ,char,-0.24432373553678066
mabilis nadeliver,word,-0.24442349264360425
didnt,word,-0.24453850045578032
hindi sobrang,word,-0.24459931415465594
how,word,-0.24505439152309796
sakto price,word,-0.24517623295058305
cellphone,word,-0.245315926801211
salamat parin,word,-0.24548916879468785
lar,char,-0.24566371933741432
ans,char,-0.24571100834674148
muc,char,-0.24588415878268124
ttr,char,-0.24596866415485394
rs ,char,-0.24598701865958048
agl,char,-0.2460982125914753
anak ko,word,-0.24610429653306437
advertised,word,-0.24624488032380193
ped,char,-0.2463344194047071
kna,word,-0.24657283512563533
nka,word,-0.2467017179122622
points,word,-0.24682874775690636
first order,word,-0.24685550751667062
price hindi,word,-0.24720735354505421
gamit ko,word,-0.24721897478676216
product working,word,-0.24730951240970392
highly,word,-0.2474545942999777
soo,char,-0.24748657296179544
talaga hindi,word,-0.24749969240359498
cio,char,-0.24765684308082098
 ov,char,-0.24775697419077566
nn ,char,-0.24795155401849184
ic ,char,-0.24799502192820053
gandaa,word,-0.2480077478971435
asm,char,-0.24811533541116318
person,word,-0.24818284831790371
ick,char,-0.24824522916974098
mine,word,-0.24830147243352385
can wait,word,-0.24834079000499862
gumagana sya,word,-0.248440464822281
lev,char,-0.24852006501728963
aku,word,-0.2485450392596177
gta,char,-0.24860065489691913
quality product,word,-0.2490400410676677
make up,word,-0.24954894198203476
malapad,word,-0.2498795798265169
suki,word,-0.2499733749119646
nag add,word,-0.2501214811867865
ko sya,word,-0.2502637096319016
strong,word,-0.2502685056522649
day,char,-0.2503446390956876
una,word,-0.25036487154298115
rad,word,-0.2503763989814085
anti rad,word,-0.2503763989814085
xha,char,-0.25047717357634836
serve its,word,-0.2506062897954559
maayos product,word,-0.2506612924268669
uki,char,-0.2508307629818286
ngl,char,-0.25097300880536827
itself,word,-0.2510786875443525
rks,char,-0.25114128952104847
ker,char,-0.25123110739922855
joy,char,-0.251444735159265
es ,char,-0.25154322231123954
nti,char,-0.25161630918985217
yda,char,-0.25168902306165425
usually,word,-0.25173196064656755
uminit,word,-0.25179896649456635
ble,char,-0.2518296918615961
eeb,char,-0.25199600897393976
haha,word,-0.25207083186250717
gustong,word,-0.252093811407345
pa size,word,-0.2523148546302288
size maliit,word,-0.252327625338542
di ganun,word,-0.25243884833821145
eed,char,-0.2528774785956955
kaya hindi,word,-0.252953321217377
hanap,word,-0.2530027192773272
kaya lng,word,-0.25312250715418133
mejo,word,-0.25313400513673495
much,word,-0.2531849361191311
hul,char,-0.2536141232419484
ger,char,-0.2538064041839293
not yet,word,-0.25389387727807117
thnk,word,-0.25402875492114035
adj,char,-0.2541785508311962
mod,char,-0.25445475021392366
ybo,char,-0.254499747597987
parang di,word,-0.25467683850877926
nakikita,word,-0.2547944728605816
color,word,-0.254836829820258
uso,char,-0.255053028435419
dju,char,-0.25516932363246675
bless,word,-0.25575437221263303
nabasag,word,-0.25602011736312486
nauna,word,-0.2560667590061053
avy,char,-0.2563581924064883
mhi,char,-0.2565926642558301
please check,word,-0.25668761490214154
 dl,char,-0.2568629982895238
orders ko,word,-0.25689038335307574
ganda product,word,-0.25691954955658935
purchase,word,-0.2570264925566416
bot,char,-0.2572156221408952
only problem,word,-0.25722952242968444
secured packaging,word,-0.25743215538608066
ko pinadala,word,-0.2575242211576303
mismong,word,-0.257615777222516
return ko,word,-0.2579951427996191
god bless,word,-0.25810502154793036
mali isang,word,-0.2581243864129481
mbl,char,-0.258211131879546
ulit sana,word,-0.2582375584049708
maganda nman,word,-0.2585575413096975
salamat shopee,word,-0.2587967712426209
gandaaa,word,-0.25887367005411244
ryd,char,-0.2594119171360976
okay quality,word,-0.2594440168840314
nagrereply seller,word,-0.2596779667357212
maraming,word,-0.25973098004306094
te ,char,-0.25979760005831326
more,word,-0.26023325586804197
oft,char,-0.2603653220009435
five,word,-0.26040180416567216
tapos sira,word,-0.2606563691133144
dumating okay,word,-0.2607060544487654
wet,char,-0.26105921864517956
 fa,char,-0.26110749619926543
elegant,word,-0.2612529591161201
 kh,char,-0.2614303759195501
filter,word,-0.26154988693908837
oar,char,-0.2617108240908666
ngu,char,-0.2619341770222357
shipped immediately,word,-0.2620040215087892
omi,char,-0.26202738462070224
kong color,word,-0.2620961076478486
dir,char,-0.2621846455511057
nagsesend,word,-0.2623054121456253
quick,word,-0.26291857624621445
 ng,char,-0.26296333627891266
had,char,-0.26302488659825896
som,char,-0.2634569191604747
ayun,word,-0.2635564675798515
mura pa,word,-0.2635926703423932
its not,word,-0.2641641040220093
tdo,char,-0.26448396310386907
tamang tama,word,-0.26458383611993086
push,word,-0.2654686822835232
kapal,word,-0.2658790320504085
jo ,char,-0.2660936159624235
ok items,word,-0.2661777353800968
ywa,char,-0.26628563920626297
pef,char,-0.26642774779139833
nag charge,word,-0.26656523348677463
ballpen,word,-0.26658571685360666
kagaya,word,-0.2669578851018716
 ka,char,-0.2672353938746368
pa mag,word,-0.26772561184416366
usual,word,-0.2679569141642525
mag tatagal,word,-0.2679701244047498
seller will,word,-0.2680571242995256
transaction,word,-0.2680688009596455
mirror,word,-0.26826015194309444
pangalawang,word,-0.26850489762017277
kht,word,-0.2687887280124919
 tl,char,-0.26899393897682145
yun,char,-0.2691685056219424
middle,word,-0.270006612661493
dlawa,word,-0.27013806705325993
ko kaso,word,-0.2704313369846609
water bottle,word,-0.27050678419661633
ska,char,-0.27087403570052676
medyo mahina,word,-0.270917454987903
sir,word,-0.2713231254802792
lights,word,-0.27141367536404554
hahahahaha,word,-0.2715741583787415
sana chineck,word,-0.2716168740222154
ko kc,word,-0.27181956023243914
kunti,word,-0.2723622389822663
ok di,word,-0.27238992337386314
ok item,word,-0.2725236027800675
kasamang,word,-0.27258165183814914
pa nung,word,-0.2727430972063811
hte,char,-0.273255382088502
cke,char,-0.27355968696857813
kulay pink,word,-0.2737269537406003
food but,word,-0.2738581469408372
ved,char,-0.273975095684121
dami,word,-0.274243618021601
ordered white,word,-0.2744344624423819
glad,word,-0.27448094061292755
received item,word,-0.27458362235298267
magtatagal,word,-0.2746040728230902
stop,word,-0.2749008191726087
laki pala,word,-0.2749942821833223
katulad,word,-0.2749974546121911
pie,char,-0.27510564670088894
honestly,word,-0.2752144158327723
gumana sya,word,-0.27528798447129355
bandang,word,-0.27532862262762814
ir ,char,-0.27549837158414514
list,word,-0.27553120031585304
mej,char,-0.275930911809348
kapatid ko,word,-0.27601330255119666
maayos dumating,word,-0.2761011308142819
fresh,word,-0.2762139516871521
its price,word,-0.27647305099816577
alam if,word,-0.2766069617867245
coconut,word,-0.2767166689250212
tam,char,-0.2767273105149258
hahaha,word,-0.27677740704326154
sot,char,-0.27681170805193495
white pink,word,-0.27684980539832194
gumagana lahat,word,-0.27690519253144763
not sure,word,-0.27712971194824376
vid,char,-0.2778573495258251
sef,char,-0.278357822257995
responsive,word,-0.27840612109126683
rag,char,-0.2785829060269287
kasu,word,-0.2786920889150531
cap,char,-0.278743520788503
sti,char,-0.27894068329125504
malakas,word,-0.27901293153895845
amoy alcohol,word,-0.27911150442563887
definitely,word,-0.2792160945188352
job,char,-0.27924097034918216
gif,char,-0.2792956380833438
quality sana,word,-0.2795005629766251
storage,word,-0.27969452504823483
immediately,word,-0.27978027403444583
wrap,word,-0.2799366622744167
excellent,word,-0.28017127354600485
dit,char,-0.28022455329137774
umb,char,-0.2803452151684081
plum,word,-0.28036437220317073
 ma,char,-0.28109080364749345
gde,char,-0.2811176575891027
hue,char,-0.2811344543023682
pulido,word,-0.2816544611355542
christmas,word,-0.28191700411922704
mall,word,-0.28236223602847216
tagal bago,word,-0.28258939995026416
paa,char,-0.28270331269764915
 af,char,-0.28274679491375243
medj,word,-0.2828916838326997
di masyadong,word,-0.28347919464824406
hap,char,-0.28352131312900486
ift,char,-0.2836061452452121
ean,char,-0.2838836363290177
sure,word,-0.2839891944297908
nagdeliver,word,-0.28408948914990295
gamitin,word,-0.28417209576276425
vis,char,-0.2842687629575068
ubb,char,-0.2843322992120015
ime,char,-0.2847485042706448
kaya di,word,-0.2848288149804755
given,word,-0.28498971718525207
smooth,word,-0.2850193566227343
qui,char,-0.28509031581665834
all goods,word,-0.2851621156614733
nag expect,word,-0.2852435925508821
lf ,char,-0.2853531145438482
 as,char,-0.28541070157627496
let,char,-0.2857814976507179
magcharge,word,-0.2858841502620829
mes,char,-0.28648520069999706
maganda pag,word,-0.28660451912797363
extra,word,-0.2871122278297569
right color,word,-0.28717570627539385
its,word,-0.28838390979770606
video,word,-0.28865172275349876
manipis pa,word,-0.2887111562681814
pic,word,-0.2889688242606482
gin,char,-0.2894887329319654
rest ok,word,-0.28957613537632076
eth,char,-0.28985752170997486
bed,word,-0.2900022141576295
ary,char,-0.2901099407338453
matagal,word,-0.2902477182187582
gus,char,-0.2904817987418071
dab,char,-0.2905689785512696
maamoy,word,-0.291055999014239
hab,char,-0.2911367818307759
dec,word,-0.29118608236140037
aam,char,-0.2913789957661552
cli,char,-0.29142324820477483
maliit,word,-0.2916323327224687
green order,word,-0.29180169923937355
 ll,char,-0.2921453839398409
malakas hangin,word,-0.29233057740775364
pangalawa ko,word,-0.29236850611962767
item order,word,-0.2935256076444095
naming,word,-0.29356227460292317
very affordable,word,-0.29372171633031036
madali masira,word,-0.2939319596353425
each,word,-0.2942678280253478
talaga mag,word,-0.29453197456353064
rig,char,-0.29470856367064907
den,char,-0.2949499662585688
 au,char,-0.2950188800566091
bra,word,-0.29510950683346077
tet,char,-0.2957568160608371
laging,word,-0.2958827218944091
my son,word,-0.29599272493642653
son,word,-0.29599272493642653
nag inform,word,-0.29603752339910666
keri,word,-0.2961955524703304
so so,word,-0.29623437660290075
walang damage,word,-0.2967808289385381
vel,char,-0.2968833642773153
nagamit ko,word,-0.29740767995412676
satisfied buyer,word,-0.2974629748552934
ko una,word,-0.2977632131505261
waterproof,word,-0.2984650746227976
walang sira,word,-0.2985639026025252
 gi,char,-0.2988592616170243
ell,char,-0.2988823754840935
serves,word,-0.29894153775957705
bet,word,-0.29913387799585067
itc,char,-0.29921752317434147
sua,char,-0.2993212822009486
doo,char,-0.2993425445968211
cka,char,-0.2994970430060622
cuu,char,-0.30000172533465763
eel,char,-0.30005091223727026
kagaya nung,word,-0.30053513661868436
 ca,char,-0.30120345421867395
variation,word,-0.3013003616009714
lth,char,-0.30169431371987054
napicturan,word,-0.30173303712967753
keyboard,word,-0.3020070911009271
bed,char,-0.30299519111600137
by ,char,-0.30299967589996063
candy,word,-0.3031306599954239
dap,char,-0.30348037058240074
worth price,word,-0.3036100460803888
anti,word,-0.30429854317080357
ko isa,word,-0.3048467660442775
tastas,word,-0.30495631362029807
tly,char,-0.30529834508761194
maw,char,-0.30540317776342246
ame,char,-0.30555196054218103
lve,char,-0.30582990484302036
mal,char,-0.30595839119983576
highly recommended,word,-0.30603320333778133
received items,word,-0.30623010390181193
llp,char,-0.306268286824209
ede,char,-0.30647294870096464
nman item,word,-0.3068286535457328
oon,char,-0.30683268648256234
hindi masyadong,word,-0.3068400677817261
ko pa,word,-0.3069242700265075
iec,char,-0.3072452555097658
medyo matagal,word,-0.30744992637766166
kaso kulang,word,-0.3075337487188569
item walang,word,-0.30754014399485824
maliit sya,word,-0.3077820582153177
individually,word,-0.3082935298244578
ukh,char,-0.30840502927356894
pa salamat,word,-0.3084050941056047
naa,char,-0.3084536682222855
sobrang bango,word,-0.30888126502710533
soft,word,-0.30907204551041995
so much,word,-0.3094390891322579
nyw,char,-0.30973764408158183
mpl,char,-0.31036034551629016
ko ok,word,-0.3104932491754173
good service,word,-0.3108619282281271
kuh,char,-0.3110299797551726
matapang,word,-0.3114392263335937
nty,char,-0.3114557471483463
try,word,-0.31188380932848475
far,word,-0.3120389242372597
panty,word,-0.31212654866097866
ring light,word,-0.3121447851896701
chinese,word,-0.31219658117736515
since,word,-0.3122552738250477
wha,char,-0.3124796478463184
tamang,word,-0.312864758931304
magaan,word,-0.31307779892233484
nung sinukat,word,-0.3132365468599057
aq,word,-0.3141474190466043
thank seller,word,-0.3141871397149411
servings,word,-0.31433572358171713
coins,word,-0.31433577218932107
dan,char,-0.3145615723329778
bubble wrap,word,-0.3145665602289504
ash,char,-0.31461207744039515
talaga sya,word,-0.31521489900997796
well packaged,word,-0.31524679921293897
lon,char,-0.3152472664250843
 te,char,-0.3163119368976083
ok quality,word,-0.31646201640753624
ko same,word,-0.3168243195778165
kunin,word,-0.3169640165052243
sira pa,word,-0.3171002034715055
ko agad,word,-0.3172468640798606
ree,char,-0.31736575683168683
shade,word,-0.3173676213083768
aga,char,-0.31760724752279307
 la,char,-0.31853952350678255
is ,char,-0.31870960259338543
condition,word,-0.3187855538676302
mor,char,-0.3198545179326768
all good,word,-0.31995832298552007
ko tapos,word,-0.3203798729224036
accomodating,word,-0.32043459577763556
 u ,char,-0.3208736825284836
cle,char,-0.32193325100635617
eee,char,-0.32238862465386015
worth,word,-0.3227229761284481
ese,char,-0.32318126186039153
comment,word,-0.32322972409918493
gaan,word,-0.32327601071595147
ako,char,-0.32361014996642823
screen,word,-0.32376013376055834
nice but,word,-0.32449755582157397
tela,word,-0.3247660295509468
not true,word,-0.3248476698028078
ghl,char,-0.3254299616473919
tama size,word,-0.325795723546437
god,char,-0.32590354923397985
 cl,char,-0.3263401128111306
kaka,word,-0.3267449500502302
 up,char,-0.3270833034383774
dahil hindi,word,-0.3271183715140664
loc,char,-0.32730332720360794
uuu,char,-0.327539114535145
but not,word,-0.32761976593282105
sakto size,word,-0.32764101998509715
may fan,word,-0.3279626274825284
fast delivery,word,-0.3281459076088453
make,word,-0.3281889046143522
buti di,word,-0.3282202807393804
ece,char,-0.3284103648128449
umorder,word,-0.32873046945974843
ull,char,-0.3287955505593123
ond,char,-0.32943768114509575
wala namang,word,-0.3295998964947367
dry,word,-0.3297177220105187
cheese,word,-0.32976480903606825
complete orders,word,-0.3298084248762054
sya sakin,word,-0.33011189446737804
clean,word,-0.3304185985835914
com,char,-0.33101585007965484
maluwang,word,-0.3320731267481482
sobrang ganda,word,-0.3324852117436247
gusto ko,word,-0.3328861774711522
cleaning,word,-0.3331677722251664
kag,char,-0.3333776569717086
quality items,word,-0.3340897310870727
brand,word,-0.33461255521541816
ban,char,-0.33469322839872223
ko baka,word,-0.33473332358639946
izi,char,-0.3348942313609387
baby,word,-0.33566033807421286
mask,word,-0.33608522998406376
rpo,char,-0.3364853330762562
ni,word,-0.33702943379357725
quality good,word,-0.3382410133953804
uit,char,-0.33825235603186427
vacuum,word,-0.33848079323686203
ric,char,-0.33848515441900545
gusot,word,-0.33848596549120674
oca,char,-0.34032581932779327
malambot,word,-0.34043754161033135
navy blue,word,-0.34103355790671297
navy,word,-0.34103355790671297
alikabok,word,-0.3412123551954835
foods,word,-0.3421634854375752
easy,word,-0.34222908957279113
message,word,-0.34259395439668394
dumating akin,word,-0.3427478560662657
picture not,word,-0.34314880432543127
lal,char,-0.3436126538322492
hee,char,-0.3448932721512891
automatic,word,-0.34494804340824203
uulitin,word,-0.3453883051971736
although,word,-0.3455796367541223
nga,word,-0.3457836428480752
haba,word,-0.34633386419172935
baby ko,word,-0.34638374407447226
mukhang,word,-0.34697149167973335
okay product,word,-0.347740947033376
need mo,word,-0.347872404365677
neck,word,-0.347954894133976
black red,word,-0.3481294923737477
way,char,-0.34837821022148785
boy,word,-0.3491841831301296
even though,word,-0.34926122478116556
ees,char,-0.3496787377299587
compare,word,-0.35008336114061167
silver,word,-0.3502436240546086
hanggang,word,-0.3503177744833997
aha,char,-0.35076538402442897
kahit anong,word,-0.3508148521379828
fabric,word,-0.3508573879634999
tlga,word,-0.3513819699434101
color dumating,word,-0.35207805799299075
hindi pwede,word,-0.35213055434174384
strap,word,-0.3522216842948886
xce,char,-0.35281886485099645
tlg,char,-0.3532520962023259
ual,char,-0.3533245473220941
madali,word,-0.3538272356216801
cutie,word,-0.35451319817697946
rap,char,-0.35504563065833383
ori,char,-0.3555821792071492
buds,word,-0.35577570013545146
not expect,word,-0.35579115133536016
every,word,-0.35731462947896836
for,char,-0.35753925744883286
me ,char,-0.3575440085961057
nakita ko,word,-0.35800951864570296
try ko,word,-0.35808773831451113
included,word,-0.35849303189155723
ia ,char,-0.3586895091548509
boxes,word,-0.35957460105958505
ail,char,-0.3600179297107208
lunch,word,-0.3610689558753388
dec,char,-0.3612740525808955
recieve,word,-0.361528995757717
its purpose,word,-0.3615331223016285
ni ,char,-0.3620304844644602
mik,char,-0.3621633512326777
konti,word,-0.36239038308972216
tatlo,word,-0.3624683845187304
photos not,word,-0.36331470928599907
order again,word,-0.3635609568146121
parking,word,-0.3644407397589905
order ulit,word,-0.3651596359087014
siy,char,-0.3653344927743709
secure,word,-0.36558105110904743
aba,char,-0.36570406886480283
pad,word,-0.3657133537625678
kha,char,-0.3657778334021781
araw,word,-0.36586481495301776
ili,char,-0.36588525344126155
happy,word,-0.3660185919491797
ivi,char,-0.3661671325656139
zin,char,-0.3666673261077583
ful,char,-0.3679540515102484
 ef,char,-0.36862039568124316
items kaso,word,-0.36939347696204544
tnx,char,-0.3697273208816827
sana mag,word,-0.3703977698009629
sup,char,-0.37079463381725225
 h ,char,-0.3708868879460155
ast,char,-0.3711732985876129
padin,word,-0.371457025805038
package,word,-0.37150595303177913
mfy,char,-0.37176350921102286
you so,word,-0.37304774750292025
ni seller,word,-0.37317136653795513
prng,word,-0.37332561593578933
gai,char,-0.3735029618962181
matagal dumating,word,-0.3750527355099051
iisa,word,-0.37534211447097104
saksakan,word,-0.37576249397856076
nagustuhan ko,word,-0.3759789704016368
lashes,word,-0.37642471885311707
add size,word,-0.37701583864437954
ear,word,-0.3770626785529018
ogg,char,-0.3774129496748052
broken,word,-0.37754230903848546
madaling,word,-0.37809876029560713
packaged,word,-0.3781250190466332
ko,word,-0.37825600845188223
var,char,-0.3782775135033825
ery,char,-0.37860648977545974
rda,char,-0.37868594781623266
 tn,char,-0.3787013964208761
igi,char,-0.37875195450068067
abi,char,-0.37899000020034224
iti,char,-0.37976182088214727
jog,char,-0.37976657604053504
soon,word,-0.380108311462601
matibay,word,-0.3802304779914686
st ,char,-0.38075311727764855
tar,char,-0.3810197971940022
ags,char,-0.38132282828046804
yos,char,-0.38135130956462365
sam,char,-0.3822288738358388
nx ,char,-0.3835566207918161
magtagal,word,-0.38415042094707685
rate ko,word,-0.384780368202427
ets,char,-0.3852390179018064
super ganda,word,-0.3863544925760046
pasensya,word,-0.3864392479719641
level,word,-0.38649139986920616
hopefully,word,-0.386650814736143
may gasgas,word,-0.38783014071253963
ark,char,-0.3879812451554292
cut,word,-0.3884607785928991
gaanong,word,-0.388486740470412
complete,word,-0.38856037942565247
boots,word,-0.3898463522721378
sia,char,-0.3912572208348007
unc,char,-0.39194841524825896
lga,char,-0.3924426995526907
size up,word,-0.393626394264822
med,char,-0.3936319114345142
pri,char,-0.39375536787144966
piece,word,-0.3939063745432394
ffo,char,-0.39399210076928065
bes,char,-0.39446143070390594
til,char,-0.39453380003574373
so far,word,-0.3948059503109153
 fr,char,-0.39508020180039927
ganon,word,-0.39560074977134424
tanggal,word,-0.3962297053504999
ko pink,word,-0.396701171622339
paren,word,-0.3967052841715024
cap,word,-0.39674660672099904
need,word,-0.3969180062875829
ll,word,-0.39843478062228554
upe,char,-0.39968528667936853
job,word,-0.4018427386603364
yng,word,-0.40275017581343087
kailangan,word,-0.4027973506728711
fy ,char,-0.40313023920212593
mabango,word,-0.4042159181329556
but when,word,-0.40676223067799905
namang,word,-0.40750468415593577
edy,char,-0.4079905374474005
bili,word,-0.4080534935895085
nung,word,-0.408329516575656
responsive seller,word,-0.4084464136650193
agt,char,-0.4087251688476659
clip,word,-0.40888072989054863
okay sya,word,-0.40949347998409835
luw,char,-0.41042669462203474
plus,word,-0.4113559677853062
ins,char,-0.4114683179945673
ze ,char,-0.4118550253741552
nakalimutan,word,-0.4125879343998024
yet,char,-0.4126016112933384
very,word,-0.41263965104824757
video not,word,-0.4146900106017315
siz,char,-0.4157958878973574
product kaso,word,-0.41631273697170346
fin,char,-0.4167857664676538
ure,char,-0.4175133635498104
payong,word,-0.41817757053506927
madami,word,-0.41882549268958214
kso,word,-0.41884881511852223
buy again,word,-0.4192559425325975
pa seller,word,-0.42093719834257737
lit,char,-0.42125504120437446
ga ,char,-0.42137636233329373
kong inorder,word,-0.4214979196176193
sya kaya,word,-0.42209975789150544
tib,char,-0.4229643674199258
us ,char,-0.42410624219868603
but,char,-0.42411078689549886
hah,char,-0.42415706194014857
mabilis dumating,word,-0.4248576051316407
maayos,word,-0.42513920218131285
pinadala ni,word,-0.4261759631229141
 ty,char,-0.42664813145365815
tho,char,-0.4266707680430676
kaso,word,-0.4273809639376885
fast charger,word,-0.4277084704650311
fine,word,-0.4278852437404565
ait,char,-0.42904325738505167
 sp,char,-0.4298430684227931
remote,word,-0.4298788764327906
konting,word,-0.4307407409924344
kaso may,word,-0.43102094177512207
long,word,-0.4317897273191404
sana may,word,-0.4329446481332715
fe ,char,-0.4338503154487027
cat,word,-0.4341993800937323
very nice,word,-0.4343190530764795
akong,word,-0.4354445665400224
maganda item,word,-0.43645327980522186
kyo,char,-0.4367366876524674
sar,char,-0.43903236208138735
fre,char,-0.44138232935831395
lus,char,-0.4416527381839277
pay,char,-0.4418929306647398
pinaka,word,-0.4436979097918542
lalo,word,-0.4446349557448664
item good,word,-0.44591688873020574
 we,char,-0.4470785775217102
nakita,word,-0.4471513939808748
kalan,word,-0.4502418081695975
everyday,word,-0.45070545089278585
 s ,char,-0.4516230120931647
dumating black,word,-0.45216607532910885
bilis,word,-0.45247233269574594
oks,char,-0.4537353390429588
works,word,-0.4537368001110437
dalawa inorder,word,-0.4563395808490878
lly,char,-0.4565652793264535
mbo,char,-0.4587965591745023
add,char,-0.45888674661975876
mainit,word,-0.4602791518134654
boy,char,-0.46179330859201545
still,word,-0.46225113134607326
minsan,word,-0.46236838655828233
tested,word,-0.4626354392348266
jogger,word,-0.4628403157403346
tumbler,word,-0.46292708733795357
freebie,word,-0.4631850167262643
she,char,-0.46345888709949956
dust,word,-0.4635659415800376
masyadong,word,-0.46509982546244927
rfe,char,-0.4657260184667137
sh ,char,-0.46573618909157144
same,word,-0.46648270544798076
omf,char,-0.4673648754836396
abl,char,-0.46758204831114325
actual,word,-0.4677579349979096
thing,word,-0.4686687733307197
cat,char,-0.46901620693555757
small,word,-0.46907700852444095
gift,word,-0.46911526426811234
bai,char,-0.4692055519092654
hindi black,word,-0.47039935166754354
binigay ko,word,-0.4738761438247451
bahay,word,-0.4749780427830592
kase,word,-0.475293431907337
egi,char,-0.4757332249527641
malinis,word,-0.47795005813646474
 mu,char,-0.4782271147258198
say,word,-0.47874086643418295
iat,char,-0.47897525519499995
daa,char,-0.4798238785360312
at ,char,-0.4810957997102064
bagay,word,-0.4818382007019002
tnx,word,-0.4824814990750645
sizing,word,-0.48251303091282727
den,word,-0.4833834417356766
wet,word,-0.4837376300429358
paraan,word,-0.48451675732000754
ibinigay,word,-0.4865595106889889
 st,char,-0.4871992721730079
 sy,char,-0.4874931747896099
wel,char,-0.4888603661379391
again,word,-0.4892989930438561
noong,word,-0.4894655929641761
no damage,word,-0.49058875776962907
purpose,word,-0.4926684792791257
salamat seller,word,-0.49458339807239055
got,word,-0.4959189627477263
water,word,-0.4961788520265144
color blue,word,-0.49738427653632394
tumagal,word,-0.49751333270839004
parang hindi,word,-0.49981589271205973
 su,char,-0.500861799859122
ely,char,-0.5016268213938876
ie ,char,-0.5045577546240384
though,word,-0.5052568704070818
maluwag,word,-0.5052657423739874
nky,char,-0.5052875529184083
wor,char,-0.5053590591647443
cur,char,-0.5074462168093136
asy,char,-0.5076196367144129
hope,word,-0.510905551152511
little,word,-0.5119634335031963
mag expect,word,-0.5133605639431306
tatagal,word,-0.5164089726989493
time order,word,-0.5167713834853515
ay ,char,-0.5168238443146447
ela,char,-0.5179036161810027
sarap,word,-0.5183692398237242
nakarating,word,-0.5188604246875284
igh,char,-0.5200930120791809
ecu,char,-0.5202288574420423
 co,char,-0.5204775093866505
siyang,word,-0.5204922164038482
mabait,word,-0.5209303879784576
ty ,char,-0.5221633660601457
 ul,char,-0.5222230799641269
tried,word,-0.5226231099507961
mura,word,-0.5246941623879742
kong,word,-0.524718916051718
di ko,word,-0.5249278103739644
effective,word,-0.5258533088563931
ko nung,word,-0.5261006207400665
gaya,word,-0.5262886958170807
received,word,-0.5263028982505008
indi,word,-0.5267930168066131
ty,word,-0.5308140874034996
pre,char,-0.5360780377268938
pag,char,-0.5382714537634197
comfy,word,-0.5386094052931418
nya,word,-0.5403053158652192
ars,char,-0.5445700515317755
ayos,word,-0.5460999821899366
maganda tela,word,-0.5492518674701453
afe,char,-0.5494649542114758
pac,char,-0.550088015698802
 ve,char,-0.550647838590099
go ,char,-0.5510161372406223
saf,char,-0.5529269723583365
 fi,char,-0.5558423535552817
but,word,-0.5588359019074334
sia,word,-0.5589812307534923
uti,char,-0.5607119384981051
masarap,word,-0.5612599798264621
ork,char,-0.56164309306443
pwe,char,-0.5617742824803238
mab,char,-0.5619108915981594
packed,word,-0.5660381678150825
 va,char,-0.5662915380397718
 ga,char,-0.5663979279039166
yet,word,-0.5664793324963847
hindi pantay,word,-0.5670187796032883
 jo,char,-0.5700718762063576
pwede,word,-0.5709353900334965
dyo,char,-0.5712058398798969
products,word,-0.5716997490099689
kahit naka,word,-0.5753790858377399
legit,word,-0.5777612313415036
dd ,char,-0.5812665380925436
 yo,char,-0.5861630065077549
manipis,word,-0.5876229517526002
sana tumagal,word,-0.5876918864061826
 pr,char,-0.5880319255125795
bilis dumating,word,-0.590771994754067
thanks seller,word,-0.5959366556364721
wed,char,-0.5974727989764437
use,word,-0.5976426034343798
secured,word,-0.5977339521670173
sec,char,-0.6027579888011201
key,char,-0.6040517562348441
ate,char,-0.6102174332568224
well packed,word,-0.6120493776400795
erf,char,-0.6137252104604991
paa,word,-0.6160212090485293
nks,char,-0.6189775533838201
try,char,-0.6196243741437079
anyway,word,-0.6242112891048406
thankyou,word,-0.6252142537573632
 wo,char,-0.627512582661145
dumating order,word,-0.627575120549101
leg,char,-0.6282833974138525
will order,word,-0.6319558967208515
nakuha,word,-0.631975854200932
ara,char,-0.6336103298323573
ice,char,-0.6337637249312055
est,char,-0.639236227955529
hindi pa,word,-0.6436749606357625
plu,char,-0.6454655915234538
ya ,char,-0.6499686952432747
wan,char,-0.6562751857775592
nasa pic,word,-0.6576458824553769
ry ,char,-0.6614338976444583
rki,char,-0.6615035965130038
maa,char,-0.6620835732608364
sul,char,-0.6670476039173193
lov,char,-0.6701258930848564
you,word,-0.6713134452453875
ko alam,word,-0.6728197370236313
 ad,char,-0.6745486780172277
sya,char,-0.677159415357854
perfect,word,-0.677185366279494
mat,char,-0.6780195281965591
super,word,-0.6846313970715439
lakas,word,-0.6855615254562849
affordable,word,-0.6862155396203939
 he,char,-0.6876444395999335
ove,char,-0.6896879975920093
fas,char,-0.6904954827016754
hindi ko,word,-0.6916577065961255
kto,char,-0.6934853418000144
ou ,char,-0.6950435428751454
mag tagal,word,-0.6964447032245804
bango,word,-0.6967386144183689
pantay,word,-0.6993090520294748
ly ,char,-0.7034585139783841
ks ,char,-0.7102608986976002
kay,word,-0.7109476150139326
okey,word,-0.7164820644154968
great,word,-0.7165505260329941
medyo,word,-0.7177822431565404
not bad,word,-0.7202367591960396
akt,char,-0.7203006940504142
ok nman,word,-0.7270245506625481
stars,word,-0.727051433863842
bil,char,-0.7287970049779267
oks,word,-0.7297790756334996
price,word,-0.7318446437395876
overall,word,-0.7331426526299816
ds ,char,-0.7335882977277666
add,word,-0.7343260490480757
gaa,char,-0.7457594597099654
kas,char,-0.7650425262964853
good quality,word,-0.7666847158330888
 pw,char,-0.7700151090100225
 cu,char,-0.7758457561638924
 ko,char,-0.7787118105649966
sakto,word,-0.7855146020891413
ts ,char,-0.7856180000201352
you seller,word,-0.7866237196571686
isang item,word,-0.7873693048436555
safe,word,-0.7883104103703737
well,word,-0.7894762995103968
ce ,char,-0.8006314354400071
ngo,char,-0.8013243458835368
he ,char,-0.8325214477039166
all,char,-0.8395379623261133
rel,char,-0.8446675948955774
aa ,char,-0.8553521741081762
od ,char,-0.8576418650511987
thanks,word,-0.8579503590114355
ods,char,-0.8670512314537849
nk ,char,-0.8721141372733207
ll ,char,-0.872545994569257
sulit,word,-0.8736299955111297
you,char,-0.8938755050605294
hehe,word,-0.8943735860231276
oka,char,-0.8957743742872974
ti ,char,-0.9020112818393784
mabilis,word,-0.9028191901063515
heh,char,-0.9029157378380398
ulit,word,-0.9180717595194494
lak,char,-0.9194529508133882
uli,char,-0.9295538237023898
sya,word,-0.9311303300521576
ehe,char,-0.9401160728604077
lis,char,-0.9592865887892421
kon,char,-0.9602993866235856
maganda sya,word,-0.9625893058615785
ute,char,-0.9634983099468897
working,word,-0.9661958960705397
love,word,-0.9771941702953978
fast,word,-1.0087086736573343
sal,char,-1.0116160673909655
not related,word,-1.0191325669692053
related,word,-1.022705844462348
buti,word,-1.0280245230988596
kay,char,-1.064328514483567
nic,char,-1.0703248571494475
aan,char,-1.0737145657677836
best,word,-1.0783991831543853
gan,char,-1.0816367128893951
 th,char,-1.1339241584189539
ama,char,-1.164469968380213
goods,word,-1.1799236142871043
lam,char,-1.1868395086465502
thank you,word,-1.2647343291029927
ok ,char,-1.2764202872997903
cut,char,-1.3361175047172078
ood,char,-1.3478233417901329
cute,word,-1.3554602086902323
 go,char,-1.3764181427295645
good,word,-1.3951293197423185
okay,word,-1.4201108853299094
goo,char,-1.4207700795397962
salamat,word,-1.5825110736089256
thank,word,-1.6092387788942064
nice,word,-1.622492753462697
tha,char,-1.6746761590792831
ank,char,-1.7437163496223749
maganda,word,-1.7860665832753602
da ,char,-1.8823497193904748
han,char,-1.9148506453765746
and,char,-1.9954641858469317
ganda,word,-2.0376383974547227
nda,char,-2.095565544001764
ok,word,-2.2442676163578485
 ok,char,-2.6170490113484925
